"1. CfR Pforzheim","1. FC Düren","1. FC Germania Egestorf/Langreder","1. FC Heidenheim","1. FC Lok Stendal","1. FC Lokomotive Leipzig","1. FC Magdeburg","1. FC Neubrandenburg 04","1. FC Rielasingen-Arlen","1. FC Saarbrücken","1. FC Schweinfurt 05","1. FC Union Berlin","12 de Octubre","1461 Trabzon","15 de Novembro","1C","1D","2 de Mayo","2C","2D","3 de Febrero","4 de Julho Piripiri","9 de Julio (R)","9 de Octubre","A.C. Mineros","A.F.C Tubize","ABC","ABS","AC Ajaccio","AC Bobigny","AC Colina","AC Frontignan","AC Horsens","AC Houilles","AC Milan","AC Mons","AC Pavia","AC Rezzato","AC Sportivo","ACD Pinzolo","ACS Poli Timisoara","ACV","AD Alcorcón","AD Ceuta","AD Guanacasteca","AD San Juan","AD Union Adarve","ADO '20","ADO Den Haag","AE Prat","AEK Athens","AEK Larnaca","AEL","AFC","AFC '34","AFC Ann Arbor","AFC Bournemouth","AFC Cleveland","AFC Eskilstuna","AFC Fylde","AFC Hornchurch","AFC Leopards","AFC Sudbury","AFC Telford United","AFC Totton","AFC Wimbledon","AG Caennaise","AGF Aarhus","AGMK","AGOVV Apeldoorn","AIK","AIK Solna","AJ Auxerre","APOP","AS Beauvais Oise","AS Cannes","AS Creteil","AS Excelsior","AS Fabregues","AS Marck","AS Melfi","AS Monaco","AS Nancy Lorraine","AS Prix-les-Mezieres","AS Roma","AS Togo-Port","AS Tourlaville","AS Trencin","AS Trouville Deauville","AS Vita Club","ASA","ASA Targu Mures","ASC San Diego","ASD Albalonga","ASD Calcio Chieri","ASEC Mimosas","ASF Andrézieux-Bouthéon","ASM Belfort","ASV Altenlingen III","ASV Bergedorf 85","ASV De Dijk","ASV Durlach","ASWH","ATK","ATK Mohun Bagan","ATM","AZ 2","AZ Alkmaar","AZ Picerno","AaB","Aalesund","Aberdeen","Aberdeen B","Aberdeen U20","Aberdeen/East Fife","Aberdeen/Motherwell","Aberdeen/Queen of South","Aberystwyth","Aberystwyth Town","Abia Warriors","Academia Cantolao","Academia FC","Academia Puerto Cabello","Academica Clinceni","Academica SC","Academica de Coimbra","Académicos","Acassuso","Accra Lions","Accrington Stanley","Achilles '29","Achilles Veen","Achuapa","Acornbush United","Adamawa United","Adana Demirspor","Adanaspor","Adelaide United","Adriese","Aduana Stars","Afan Lido","Afghanistan","Afogados","African All-Stars","African Warriors","Agen","Agouado","Agropecuario","Aguia Negra Rio Brilhante","Aguia de Maraba","Aguila","Aguilas","Ahal","Ahlen","Aigaleo","Aiglon du Lamentin","Ailly S/S Samara","Aimoré","Air Force Central","Air Force Club","Airbus UK","Airdrie","Airdrie Utd/Dunfermline","Airdrie/Dundee","Airdrieonians","Aire-Sur-La-Lys","Aizawl FC","Ajax","Ajax Amateurs","Ajax Amsterdam","Ajman","Akademija Pandev","Akhisar Belediye","Akhisar Belediyespor","Akhmat Grozny","Aktobe Lento","Akwa United","Al Ahed","Al Ahli Benghazi","Al Ahli SC","Al Ahli Tripoli","Al Ahly","Al Ahly Cairo","Al Ansar","Al Arabi","Al Duhail","Al Gharafa","Al Hidd","Al Hilal","Al Hilal Al Ubayyid","Al Hilal Omdurman","Al Ittihad Aleppo","Al Karama","Al Mina'a","Al Muharraq","Al Nassr","Al Qadisiya","Al Quwa Al Jawiya","Al Rayyan","Al Sadd","Al Salt","Al Shabab","Al Wahda","Al Wehdat","Al Wihdat","Al-Ahli","Al-Ahly Dubai","Al-Ain","Al-Emirates","Al-Faisaly","Al-Fateh","Al-Ittifaq","Al-Ittihad","Al-Jazira","Al-Masry","Al-Merrikh","Al-Nahda","Al-Nasr","Al-Nasr Benghazi","Al-Riffa","Al-Sadd","Al-Shabab","Al-Shorta","Al-Taawoun","Al-Wahda","Al-Wasl","Alacranes de Durango","Alajuelense","Alania Vladikavkaz","Alanyaspor","Alashkert FC","Alavés","Alay","Albacete","Albania","Albinegros de Orizaba","Albinoleffe","Albion Rovers","Albion SC Pros","Albion/Stirling","Albirex Niigata","Alcides","Alcoyano","Aldeano","Aldershot Town","Aldosivi","Alebrijes de Oaxaca","Alecrim Natal","Alemania Aachen II","Alemannia Aachen","Alencon","Alessandria","Alfortville","Alfreton Town","Algeciras CF","Algeria","Algeria U23","Algeria Women","Alianza (Neuquén)","Alianza Atlético","Alianza Cnel. Moldes","Alianza FC","Alianza Lima","Alianza Petrolera","Alianza Universidad","Alianza de Coronel Moldes","Alicante","All Boys","Alloa Athletic","Alloa/ Annan Ath","Almagro","Almere City","Almería","Almirante Brown","Alpha United","Altay Izmir","Altinordu","AltoVicentino","Altona 93","Altos","Altos PI","Altrincham","Altyn Asyr","Alumni","Alvarado","Alvarado (Mar del Plata)","Alvear FC","Always Ready","Alzano 1909","Alzira","Am. du Personnel Municipal Metz","Amadense","Amavarara","Amazulu","Ambrosiana","American Samoa","Americano","Americano Campos","Amiens AC","Amneville","Amorebieta","Amsterdam","América","América (MG)","América SP","América TO","América de Cali","América de Quito","América-MG","América-RJ","América-RN","Américo Tesorieri (La Rioja)","Anahuac FC","Anaitasuna","Anapolina","Ancona","Anderlecht","Anderlecht Women","Andes Talleres","Andino","Andino (LR)","Andorra","Andorra CF","Andratx","Andrezieux","Andria","Angers","Angers Intrepide","Anglet Genets","Angola","Angola U17","Angouleme","Anguilla","Ankaragucu","Ankaraspor","Annan Athletic","Annan/ Spartans","Annecy","Anorthosis","Antalyaspor","Antequera CF","Antigua","Antigua and Barbuda","Antofagasta","Antwerp","Anzhi Makhachkala","Anápolis","Aparecidense","Apeldoorn CSV","Apoel Nicosia","Apollon Kalamarias","Apollon Larissa","Apollon Limassol","Apollon Smyrni","Aquidauanense U20","Arabe Unido","Aracruz","Aragua","Arandina","Arapongas","Ararat Yerevan","Ararat-Armenia","Arbil","Arbroath","Arcahaie","Arcos CF","Arda","Ards","Arema Indonesia","Arenas Club","Arenteiro","Arezzo","Argentina","Argentina U17","Argentina U20","Argentina U23","Argentino (Merlo)","Argentino (Rosario)","Argentino de Merlo","Argentino de Quilmes","Argentinos Juniors","Argon","Aris","Aris Salonika","Arka Gdynia","Arles","Arlesey Town","Armenia","Armenia U19","Armentieres","Arminia Bielefeld","Army United","Arnett Gardens FC","Arouca","Arras","Arsenal","Arsenal Ladies","Arsenal U21","Arsenal XI","Arsenal de Sarandí","Artmedia Petrzalka","Arua Hill SC","Aruba","Asante Kotoko","Ascoli","Ascó","Ashanti Gold","Assyriska Foren","Asteras Tripoli","Aston Villa","Aston Villa U21","Aston Villa XI","At. Belgrano (Paraná)","At. Colegiales","At. Concepción","At. Germinal","At. Güemes (SE)","At. Independiente (Chivilcoy)","At. Paraná","At. Policial","At. San Jorge","At. Unión (SJ)","At. Uruguay (CDU)","Atalanta","Atarfe Industrial","Atenas","Athletic 220","Athletic Bilbao","Athletic Bilbao B","Athletic Club (Minas Gerais)","Athletico-PR","Athlone Town FC","Atlanta","Atlanta Silverbacks","Atlanta United FC","Atlante","Atlante UTN","Atlantic City FC","Atlas","Atletico Astorga","Atletico Balboa","Atletico Choloma","Atletico Madrid","Atletico Madrid Women","Atletico Marte","Atletico Olanchano","Atletico Rafaela","Atletico Sorocaba","Atlético Acreano","Atlético Alagoinhas U20","Atlético Baleares","Atlético Bucaramanga","Atlético Espeleño","Atlético FC","Atlético Famaillá","Atlético Granadilla","Atlético Grau","Atlético Huila","Atlético ITA","Atlético Junior","Atlético Madrid B","Atlético Mancha Real","Atlético Maronese","Atlético Minero","Atlético Morelia","Atlético Nacional","Atlético Palmaflor","Atlético Pantoja","Atlético Riojano","Atlético Saguntino","Atlético San Luis","Atlético Sanluqueño CF","Atlético Socopó","Atlético Sorocaba","Atlético Trinidad","Atlético Tubarão","Atlético Tucumán","Atlético Universidad","Atlético Venezuela","Atlético Vigía","Atlético Zacatepec","Atlético-GO","Atlético-MG","Atromitos","Atvidabergs FF","Aubagne","Aubervilliers","Aucas","Auchinleck Talbot","Auckland City","Audax - SP","Audax Italiano","Audax Rio","Audaz","Aurillac","Aurora","Austin Aztex","Austin Bold FC","Austin FC","Australia","Australia U17","Australia U20","Australia U23","Austria","Austria U17","Austria U19","Austria U20","Austria U21","Austria Vienna","Avaí","Avenida","Avenir Foot Lozere","Aviles Industrial","Avion","Avispa Fukuoka","Avranches","Ayacucho FC","Ayr United","Ayr/ Kilmarnock","Ayr/Brechin","Ayr/Montrose","Azerbaijan","Azogues","Azteca FC","B36 Torshavn","BATE Borisov","BBCU","BFC Dynamo Berlin","BFC Preussen","BFC Siófok","BG Pathum United","BK Hacken","BK Häcken","BSC Glasgow","BSC Hastedt","BSG Chemie Leipzig","BSV Schwarz-Weiß Rehden","BV Veendam","BVV","BVV Barendrecht","Babberich","Babelsberg","Bacoli Sibillaflegrea","Badajoz","Badak Lampung","Badalona","Bahamas","Bahia","Bahia de Feira","Bahlinger SC 1929","Bahrain","Bala Town","Balaruc-Bains","Balestier Khalsa","Bali United","Balikesirspor","Ballenas","Ballinamallard Utd","Ballymena","Balma","Balzan FC","Bamber Bridge","Banants","Banbury United","Bandari Mtwara","Bandirmaspor","Banfield","Banga","Bangkok United","Bangladesh","Bangor","Bangor City","Bangu","Bani Yas","Banik Ostrava","Banks O'Dee","Bantu Rovers","Barakaldo","Barbados","Barbalha","Barcelona","Barcelona B","Barcelona SC","Bari","Barito Putera","Barletta","Barnechea","Barnet","Barnsley","Baroka FC","Baronie","Barra Mansa","Barracas Bolivar","Barracas Central","Barranquilla FC","Barrio México","Barrow","Barry Town","Barwell FC","Bashundara Kings","Basingstoke","Basque Country","Bassano","Bastia","Bastia CA","Batau FC","Bath","Bathgate Thistle","Bayamon FC","Bayelsa United","Bayer Leverkusen","Bayer Leverkusen II","Bayern Munich","Bayern Munich U23","Bayeux","Bayonne","Bayreuth","Be Quick '28","Be Quick 1887","Beauvais","Becerril","Bechem United","Beerschot","Beijing Guoan","Beijing Renhe","Beira Mar","Beitar Jerusalem","Beith","Belarus","Belarus B","Belarus U21","Belen","Belenenses","Belfort","Belgium","Belgium U17","Belgium U19","Belgium U21","Belgrano (Córdoba)","Belize","Bella Vista","Bellinzona","Belmopan Bandits","Ben Hur","Bendel Insurance FC","Benevento","Benfica","Bengaluru FC","Benidorm","Benin","Bennekom","Benoni Premier Utd","Berazategui","Berekum Chelsea","Bergantiños","Bergerac Périgord FC","Berkum","Berliner AK 07","Bermuda","Beroe","Beroe Stara Zagora","Berre SC","Berwick Rangers","Besa","Besancon","Besiktas","Bethune","Betim","Beveren","Beziers AS","Bhayangkara Surabaya","Bhutan","Bibiani Gold Stars","Bidco United","Bidvest Wits","Biellese","Biesheim","Biggleswade Town","Billericay","Binh Duong","Birkirkara","Birmingham City","Birmingham City Ladies","Birmingham Legion FC","Birmingham XI","Bishop's Stortford","Bizana Pondo Chiefs","Black Leopards","Black Rhinos","Black Rock FC","Blackburn Rovers","Blackburn Rovers U23","Blackburn United","Blackburn XI","Blackpool","Blagnac","Blanc Mesnil","Blauw Geel '38","Blerick","Bloemfontein Celtic","Blois Foot 41","Blooming","Blyth Spartans","Bnei Sakhnin","Bnei Yehuda","Bo'Ness","Bo'ness United","Boa Esporte","Boavista","Boca (Río Gallegos)","Boca Juniors","Boca Juniors de Cali","Boca Raton FC","Boca Unidos","Bodo/Glimt","Boeung Ket","Bogotá FC","Bohemians","Boisguillaume","Bokelj","Bolga All Stars","Bolivia","Bologna","Bolognesi","Bolton Wanderers","Boluspor","Bolívar","Bompchamp-les-Laval","Bonaire","Boness Utd","Bonner SC","Bonnyrigg Rose","Bonsucesso","Borac Banja Luka","Borac Cacak","Bordeaux","Bordeaux Stade","Boreham Wood","Borgo","Borussia Dortmund","Borussia Monchengladbach","Bosnia and Herzegovina","Boston City FC","Boston River","Boston United","Boston Utd","Botafogo","Botafogo PB","Botafogo SP","Botev Plovdiv","Botswana","Boulogne","Boulogne USCO","Bourg-Peronnas","Bourges","Bourges Foot","Bowers & Pitsea","Boyacá Chicó","Boyne Tigers","Boys' Town","Brackley Town","Bradford City","Bradford P A","Braga","Braga Women","Bragantino PA","Braintree Town","Brasil","Brasil de Pelotas","Brasilia","Brasiliense","Bray","Brazil","Brazil U17","Brazil U20","Brazil U23","Brazos Valley Cavalry FC","Brea","Brechin City","Brechin/ St Johnstone","Brechin/ St Mirren","Breidablik","Bremer SV","Bremerhaven","Breno","Brentford","Brescia","Bressuire","Brest","Bretigny","Bretteville","Bright Stars","Brighton & Hove Albion","Brighton & Hove Albion U21","Brighton XI","Brighton and Hove Albion U23","Brisbane Roar","Bristol Academy Women's FC ","Bristol City","Bristol Rovers","British Virgin Islands","Bromley","Brommapojkarna","Brondby","Brooklyn Italians","Brora","Brora Rangers","Brown (Adrogué)","Brown (Posadas)","Broxburn","Brunei DPMM","Brunei Darussalam","Brusque","Brøndby","Bucaramanga","Bucaspor","Buckie Thistle","Buckie Thistle/Forres Mechanics","Buducnost Podgorica","Buildcon","Bul FC","Bulawayo Chiefs","Bulawayo City FC","Bulgaria","Bulgaria No. 3","Bulgaria U19","Bunñol","Burgos","Buriram United","Burkina Faso","Burlingame Dragons","Burnham","Burnley","Burnley XI","Burntisland Shipyard","Bursaspor","Burscough","Burton Albion","Burundi","Bury","Bury Town","Busoga United","Buxton","Buya Msuthu","C.A.I.","C.D Real de Minas","C.D. Italmaracaibo","C.D.Real Sociedad","CA Bastia","CA Cirbonero","CADU","CAPS United","CARA Brazzaville","CD 6 de Junio","CD Aguiluchos USA","CD Artistico Navalcarnero","CD Boiro","CD Calahorra","CD Dragon","CD Ebro","CD FAS","CD Hernani","CD Injerto","CD Laguna","CD Lara","CD Laredo","CD Marino","CD Motagua","CD Primeiro de Agosto","CD Sabadell","CD Sonsonate","CD Tudelano","CD Universitario","CD Varea","CD Victoria","CE Europa","CENE Campo Grande","CEOV Operário","CF Illueca","CF Independiente Alicante","CF Jaraíz","CF Joventut Mollerussa","CF Montréal","CF Mounana","CFR Cluj-Napoca","CMC Publikum","CO Avallonnais","CR Belouizdad","CRB","CS Constantine","CS Fola Esch","CS Grevenmacher","CS Independiente","CS Le Moule","CS Mioveni","CSA","CSKA Kiev","CSKA Moscow","CSKA Sofia","CSMS Iasi","CSyD Sacachispas","Cabofriense","Cacereno","Caen","Caen U19","Caernarfon","Caersws","Cafetaleros de Chiapas","Cagliari","Cal FC","Calais","Caldense","Caledonia AIA","California United Strikers","Calvo Sotelo","Cambaceres","Cambodia","Cambrai","Cambridge City","Cambridge United","Camelon Juniors","Cameroon","Cameroon U17","Cameroon U20","Cameta","Camioneros","Campinense PB","Campodarsego","Campos AA","Canada","Canada U17","Canada U20","Canada U23","Cancún FC","Canet Roussillon FC","Cangzhou Mighty Lions","Cannes","Cantolagua","Canvey Island","Cape Town All Stars","Cape Town City","Cape Town Spurs FC","Cape Umoya United","Cape Verde Islands","Capivariano","Capoise","Carabobo","Caracas FC","Carara Kicks","Carcha","Cardassar","Cardiff City","Cardiff MU","Cardoso Moreira","Carlisle United","Carlos A. Mannucci","Carlos Stein","Carmarthen","Carmelita","Caronnese","Caroní","Carpendolo","Carpi","Carquefou JA","Carrarese","Carrick","Carshalton Athletic","Cartagines","Cascavel","Casertana","Castanhal U20","Castel Rigone","Castellarano","Castellón","Castelsardo","Catalunya","Catalunya Women","Catanduvense","Catania","Catanzaro","Caucaia","Caudal Deportivo","Cavalier SC","Cavese","Caxias","Caxias do Sul","Caykur Rizespor","Cayman Islands","Cayon","Cañuelas","Ceares","Ceará","Cefn Druids","Ceilandia","Ceilândia","Celano","Celaya","Celik","Celta Vigo","Celtic","Celtic B","Celtic U20","Celtic U21","Celtic/Arbroath","Central African Republic","Central Ballester","Central Coast Mariners","Central Córdoba (Rosario)","Central Córdoba (Santiago del Estero)","Central Español","Central FC","Central Norte","Central Pernambuco","Centro Español","Centro Italo","Cercle Brugge KSV","Cerezo Osaka","Cerrito","Cerro","Cerro Largo","Cerro Porteño","Cerro Porteño de Franco","Cervia","Cerámica","Cesena","Chabab","Chacarita Juniors","Chaco For Ever","Chad","Chainat Hornbill","Chalatenango","Chamalierès FC","Chambery","Chambishi","Chamois Niortais FC","Changchun Yatai","Changepond","Chantilly","Chapecoense","Chapelle","Chapungu","Charleston Battery","Charlotte Eagles","Charlotte FC","Charlotte Independence","Charlton Athletic","Chasetown","Chassieu Decines","Chateaubriant","Chateauroux","Chatellerualt","Chattanooga FC","Chattanooga Red Wolves","Chauny","Chauray FC","Chauvigny","Chelmsford","Chelsea","Chelsea Ladies","Chelsea U21","Chelsea U23","Cheltenham Town","Chemelil Sugar","Chemin Bas d'Avignon","Chemnitzer FC","Chemnitzer GC","Chennai City","Chennaiyin FC","Cherbourg","Cherno More","Chertanovo Moscow Women","Chesham United","Chester FC","Chesterfield","Chiangmai","Chiangmai United","Chiangrai United","Chiapas","Chicago FC United","Chicago Fire FC","Chichester City","Chicken Inn","Chieri 1955","Chieti","Chievo Verona","Chikhura Sachkhere","Chile","Chile U17","Chile U20","China","Chinato","Chindia Targoviste","Chinese Taipei","Chinese Taipei Women","Chioggia","Chippa United","Chippenham","Chippenham Town","Chippenham/Worcester","Chivas USA","Cholet","Chonburi","Chongqing Liangjiang Athletic","Chorley","Chornomorets","Christos FC","Chula Vista FC","Chunnam Dragons","Churchill Brothers","Cianorte","Cibao FC","Ciclon de Tarija","Cienciano del Cusco","Ciliverghe","Cimarrones de Sonora","Cipolletti","Circuit City","Cisco Roma","Citta di Marino","Cittadella","City of Lusaka","Ciudad de Lorqui","Civil Service Strollers","Civil Service Strollers/ Vale of Leithen","Clachnacuddin","Clachnacuddin/Wick Academy","Clan Juvenil","Claypole","Clermont Foot","Clevedon Town","Cleveland SC","Cliftonville","Cloppenburg","Clouange","Club Africain","Club Atlético Antoniano","Club Brugge","Club Franciscain","Club Pacífico","Club Petrolero de Yacuiba","Club Polideportivo Ejido","Club Sport Uruguay","Club Sportif Sfaxien","Club Sportivo Cienciano","Clyde","Clyde/ Nairn County","Clyde/Gretna","Clydebank","Coalville Town","Coatepeque","Coban Imperial","Cobh Ramblers","Cobreloa","Cobresal","Cobresol","Cognac","Coimbra","Colchagua","Colchester United","Coldstream","Colegiales","Colegio Nacional de Iquitos","Colegios Diocesanos","Coleraine","Colmar","Colo Colo","Colombia","Colombia U17","Colombia U20","Colombia U23","Colomiers","Colorado Rapids","Colorado Rush","Colorado Springs Switchbacks FC","Columbus Crew","Colville Park","Colón (Santa Fe)","Comercial (Ribeiräo)","Comercial FC","Comercial MS","Comerciantes Unidos","Comillas","Como","Comoros Islands","Compiegne","Comunicaciones","Concarneau","Concepción F. C.","Concord Rangers","Concordia Chiajna","Concordia Hamburg","Condal  Club","Confianca","Confiança","Congo","Congo DR","Congo DR U17","Congo U20","Connah's Quay","Conquense","Consadole Sapporo","Cook Islands","Copiapó","Coquimbo Unido","Corby Town","Cordino","Coria","Corinthians","Coritiba","Cork","Corpus Christi FC","Correcaminos","Correggese","Cortuluá","Corumbaense","Coruripe","Coruxo","Cosenza","Costa Rica","Costa Rica U17","Costa Rica U20","Costa Rica U23","Coton Sport Garoua","Coulaines","Cove Rangers","Coventry City","Coventry/Middlesbrough","Cowdenbeath","Cowdenbeath/Alloa","Cowdenbeath/St Johnstone","Cracovia","Cranborne Bullets","Crawley Town","Cray Valley Paper Mills","Creil","Cremonese","Crewe Alexandra","Crichton","Criciúma","Cristo Atletico","Croatia","Croatia U17","Croatia U19","Croatia U20","Croatia U21","Croix de Savoie","Crossfire Redmond","Crotone","Crucero del Norte","Crusaders","Cruz Azul","Cruz Azul Hidalgo","Cruz del Sur","Cruzeiro","Cruzeiro POA","Cruzeiro-RS","Crvena Zvezda","Crystal Palace","Crystal Palace U21","Créteil","Csíkszereda","Cuba","Cuba U20","Cuba U23","Cuernavaca","Cuiabá","Cukaricki Belgrade","Culter","Cultural Leonesa","Cumbernauld Colts","Cumnock","Cuneo","Curacao","Curicó Unido","Curzon Ashton","Cusco FC","Cyprus","Czech Rep U19","Czech Republic","Czech Republic U17","Czech Republic U20","Czech Republic U21","Cádiz","César Vallejo","Córdoba","Cúcuta Deportivo","D.O.T.O","DC Motema Pembe","DC United","DESO","DFS","DHC","DOS '37","DOVO","DTS Ede","DVS'33","Da Nang","Daegu FC","Dagenham & Redbridge","Dakkada FC","Dakota Fusion FC","Dalbeattie Star","Dalian Professional","Dalian Shide","Dalkeith Thistle","Dalkurd FF","Danubio","Darlington","Darlington 1883","Dartford","Darvel","Daugava Riga","Daventry Town","Days FC","Dayton Dutch Lions","De Bataven","De Graafschap","De Limonest","De Meern","De Meteoor","De Treffers","De Volvic","De Zouaven","Debrecen","Decic","Def. de Belgrano (VR)","Def. de Pronunciamiento","Defensa y Justicia","Defensor Sporting","Defensores Unidos","Defensores de Belgrano","Defensores de Belgrano (Villa Ramallo)","Defensores de Pronunciamiento","Defensores de Salto","Degerfors IF","Delbrucker","Delfines","Delfín","Delta Force FC","Delta P.T. Rovigo","Delta Porto Tolle","Deltasport","Democrata GV","Dender","Denia","Denizlispor","Denmark","Denmark U17","Denmark U21","Denmark U23","Denton Diablos","Dep. Madryn","Dep. Mandiyú","Dep. Municipal","Dep. Patagones","Dep. Petare","Dep. Real Madrid","Dep. Roca","Deportes Concepcion","Deportes Concepción","Deportes Iquique","Deportes Limache","Deportes Linares","Deportes Melipilla","Deportes Naval","Deportes Quindío","Deportes Recoleta","Deportes Santa Cruz","Deportes Savio","Deportes Temuco","Deportes Tolima","Deportes Valdivia","Deportes Vallenar","Deportiva Ceuta","Deportivo Aguilares","Deportivo Anzoátegui","Deportivo Armenio","Deportivo Binacional","Deportivo Cali","Deportivo Capiatá","Deportivo Chiantla","Deportivo Colonia","Deportivo Cuenca","Deportivo Español","Deportivo Italia","Deportivo JBL Zulia","Deportivo Jalapa","Deportivo La Coruña","Deportivo La Guaira","Deportivo Laferrere","Deportivo Lara","Deportivo Llacuabamba","Deportivo Madryn","Deportivo Maipú","Deportivo Maldonado","Deportivo Merlo","Deportivo Mixco","Deportivo Morón","Deportivo Municipal","Deportivo Paraguayo","Deportivo Pasto","Deportivo Pereira","Deportivo Petare","Deportivo Quevedo","Deportivo Quito","Deportivo Riestra","Deportivo Rincón","Deportivo Santaní","Deportivo Táchira","Derby City Rovers","Derby County","Derby U23","Derby/Sheff Wed","Derry City","Des Moines Menace","Desamparados","Desna Chernihiv","Desportiva F.","Desportivo Aves","Desportivo das Aves","Destroyers","Detroit City FC","Deurne","Deveronvale","Didcot Town FC","Dieppe","Difaa El Jadidi","Dijkse Boys","Dijon FCO","Dila Gori","Dinaburg","Dinamo Batumi","Dinamo Brest","Dinamo Bucaresti","Dinamo Bucuresti","Dinamo Minsk","Dinamo Moscow","Dinamo Tbilisi","Dinamo Tirana","Dinamo Zagreb","Dinan Lehon","Dinsheim","Diosgyor VTK","Diriangén","Dives","Diyarbakirspor","Djibouti","Djoliba","Djurgardens IF","Dnepr-Transmash","Dnipro Dnipropetrovsk","Dock Sud","Dom Bosco","Dominica","Dominican Republic","Dominican Republic U23","Don Benito","Don Bosco","Doncaster Rovers","Doncaster Rovers Belles Women","Donegal Celtic","Dong Tam Long An","Dongen","Dorados de Sinaloa","Dorchester Town","Dordoi","Doto","Douai","Douglas Haig","Dover","Dover/ Bishops Stortford","Doxa Dramas","Drachtster Boys","Drancy","Dreams F.C.","Dreux FC","Drita Gjilan","Drogheda Utd","Drogheda/Bray","Droylsden","Dubbeldam","Dukla Banska Bistryka","Duluth FC","Dulwich Hamlet","Dumbarton","Dumbarton/Hamilton","Dunajska Streda","Dunarea Calarasi","Dunav Ruse","Dunbar United","Dundalk","Dundee","Dundee B","Dundee U20","Dundee United","Dundee United B","Dundee Utd/ Motherwell","Dundee/Kilmarnock","Dundonald Bluebell","Dunfermline Athletic","Dunfermline/Aberdeen","Dungannon Swifts","Dunipace","Dunkerque","Duque de Caxias","Durban Stars","Dynamo Dresden","Dynamo Kiev","Dynamos","EB Streymur","EC Bees FC","EC Flamengo P.","EC Pelotas","EF Reims Sainte-Anne","EHC/Norad","ES Cannet Rocheville","ES Setif","ESA Linas-Montlhery","ESAE","ESM Gonfreville","EVV","East All-Stars","East Fife","East Fife/Dunfermline","East Kilbride","East Stirling/ Buckie Thistle","East Stirling/ Dundee Utd","East Stirlingshire","East Thurrock Utd","Eastbourne Borough","Eastern SC","Eastleigh","Eastwood Town","Ebbsfleet United","Ebersheim","Ebusua Dwarfs","Echirolles","Ecija","Eclaron Valcourt","Ecselsoir Maasluis","Ecuador","Ecuador U17","Ecuador U20","Edinburgh City","Edinburgh City/Montrose","Edinburgh Univ","Edinburgh Univ/Brora Rangers","Edusport Academy","Eemdijk","Egypt","Egypt U20","Egypt U23","Eibar","Eichede","Eimsbütteler TV","Eintracht Frankfurt","Eintracht Nordhorn","Eintracht Trier","El Ejido","El Farolito","El Jaish","El Kanemi Warriors","El Nacional","El Palmar","El Paso Locomotive FC","El Porvenir","El Salvador","El Salvador U20","El Salvador U23","El Tanque Sisley","El Vencedor","El Vigia","El Álamo","Elazigspor","Elbasani","Elche","Eldense","Eleven Wonders","Elfsborg","Elgin City","Elgin/Queens Park","Elgin/Spartans","Elinkwijk","Elm City Express","Elmina Sharks","Emelec","Empoli","Energie Cottbus","England","England B","England C","England U17","England U19","England U20","England U21","Entente SSG","Enugu Rangers","Envigado","Enyimba","Epernay","Epila","Epinal","Equatorial Guinea","Erciyesspor","Ergotelis","Erie Commodores FC","Eritrea","Erlangen-Bruck","Ermis Aradippou","Erzurum BB","Esbjerg","Esbjerg FB","Escobedo","Eskisehirspor","Espaly","Espanyol","Esperance ST","Esperance Sportive de Tunis","Espoli","Esporte Clube Santo André","Esportivo-RS","Estanciano","Esteghlal","Esteghlal Khuzestan","Estonia","Estoril","Estrela Amadora","Estrela do Norte","Estrella Roja","Estudiantes (Buenos Aires)","Estudiantes (RC)","Estudiantes (San Luis)","Estudiantes Tecos","Estudiantes de Buenos Aires","Estudiantes de Caracas","Estudiantes de La Plata","Estudiantes de Mérida","Estudiantes de Río Cuarto","Eswatini","Ethiopia","Etoile Morne a l'Eau","Etoile Sahel","Eupen","Europa FC","Everton","Everton CD","Everton Ladies","Everton U21","Everton U23","Everton/Chelsea","Evesham United","Evian Thonon Gaillard","Evreux","Evry","Excelsior","Excelsior '31","Excelsior Maassluis","Excursionistas","Exelsior Maassluis","Exeter City","Express","Extremadura UD","Eyupspor","F.C A.K","F2 Freestylers","F91 Dudelange","FBK Kaunas","FC 's-Gravenzande","FC 08 Homburg","FC 08 Villingen","FC Aarau","FC Admira Wacker Modling","FC Andorra","FC Anker Wismar","FC Arges","FC Arizona","FC Arsenal Tula","FC Astana","FC Astoria Walldorf","FC Augsburg","FC Baltimore","FC Banga","FC Basel","FC Bastia-Borgo","FC Botosani","FC Boulder Harpos","FC Brussels","FC Bunyodkor","FC Carl Zeiss Jena","FC Cartagena","FC Challans","FC Chambly","FC Chartres","FC Chornomorets Odessa","FC Cincinnati","FC Cologne","FC Copenhagen","FC Dacia","FC Dallas","FC Daugava","FC Davis","FC Den Bosch","FC Denver","FC Differdange 03","FC Dinamo-Auto","FC Dordrecht","FC Eindhoven","FC Eintracht Norderstedt","FC Emmen","FC Erzgebirge Aue","FC Famalicao","FC Farul Constanta","FC Flerien","FC Fleury 91","FC Flora Tallin","FC Francavilla","FC Gagra","FC Gera 03","FC Gießen","FC Goa","FC Groningen","FC Gueugnon","FC Guichen","FC Haka","FC Halifax Town","FC Hansa Luneburg","FC Helsingor","FC Hennef 05","FC Honka","FC Honka/Bangor City","FC Ilves","FC Ingolstadt 04","FC Inter","FC Inter Turku","FC Iskra-Stal","FC Istres","FC Juarez","FC Karnten","FC Kendall","FC Khimki","FC Kolos Kovalivka","FC Kruoja","FC Lahti","FC Levadia Tallinn","FC Liefering","FC Lienden","FC Limonest","FC Lisse","FC Lugano","FC Lugano Women","FC Lunéville","FC Luzern","FC Magna Wr. Neustadt","FC Mariupol","FC Metalist Kharkiv","FC Miami City","FC Midtjylland","FC Milsami","FC Minsk","FC Moscow","FC Motown","FC Mulhouse Portland","FC Noah","FC Nordsjaelland","FC Nouadhibou","FC Nöttingen","FC Oberneuland","FC Olexandriya","FC Olimpia","FC Olimpik Donetsk","FC Pasching","FC Penafiel","FC Porto","FC Pune City","FC Rijnvogels","FC Rot-Weiß Erfurt","FC Rotor Volgograd","FC Saarbrucken","FC Salzburg","FC Samtredia","FC Saxan","FC Schweinberg","FC Schönberg 95","FC Seoul","FC Sion","FC Spartak Trnava","FC Still 1930","FC Stumbras","FC Superfund Pasching","FC Sète 34","FC Tambov","FC Tauras","FC Teningen","FC Thun","FC Timisoara","FC Tiraspol","FC Tokyo","FC Tosno","FC Tucson","FC Tulsa","FC Twente","FC Ufa","FC United of Manchester","FC Ural Ekaterinburg","FC Urquiza","FC Utrecht","FC Vaduz","FC Vaslui","FC Veris","FC Vestsjaelland","FC Viktoria 1889 Berlin","FC Vitebsk","FC Volendam","FC Wacker Innsbruck","FC Wacker Tirol","FC Wegberg-Beeck 1920","FC Wichita","FC Wil 1900","FC Xanthi","FC Zaria Balti","FC Zestafoni","FC Zlín","FC Zorya Luhansk","FC Zurich","FC Zürich","FCI Tallinn","FCSB","FH Hafnarfjordur","FK Amkar Perm","FK Astra Giurgiu","FK Atlantas","FK Atyrau","FK Austria Vienna/Siroki Brijeg","FK Baku","FK Buducnost Podgorica","FK Ekranas","FK Jagodina","FK Jelgava","FK Jerv","FK Kapaz","FK Kukesi","FK Liepaja","FK Makedonija","FK Metalurgs","FK Milano","FK Pirmasens","FK Pobeda","FK Qabala","FK Qarabag","FK Sarajevo","FK Senica","FK Siauliai","FK Siauliai/Wisla Krakow","FK Sileks","FK Spartaks Jurmala","FK Suduva","FK Sutjeska","FK Teplice","FK Tom Tomsk","FK Torpedo Moscow","FK Turnovo","FK Ventspils","FK Ventspils/Teteks","FK Vetra","FK Zeta","FSV Frankfurt","FSV Optik Rathenow","FSV Salmrohr","FSV Union Fürstenwalde","FSV Wacker 90 Nordhausen","FSV Zwickau","FT Braunschweig","FUS Rabat","FV Engers 07","FV Illertissen","FV Ravensburg","Fabregues AS","Faetano","Falkenbergs FF","Falkirk","Falkirk/Ross County","Fanfulla","Fano Calcio","Farnborough","Faroe Islands","Farsley Celtic","Fasano","Fast","Fast Clube","Fatih Karagümrük","Fehérvár","Feignies","Feirense","Fenerbahce","FeralpiSalo","Ferencvaros","Fermana","Fernando de la Mora","Fernández Vial","Feronikeli","Ferro Carril Oeste","Ferrocarril Oeste (General Pico)","Ferrocarril Sud (Olavarría)","Ferroviaria","Ferroviária","Ferroviário Beira","Feyenoord AV","Feyenoord Rotterdam","Fidelis Andria","Figline","Figueirense","Fiji","Fiji U20","Fiji U23","Filante Iracoubo","Finalist 1","Finalist 2","Finland","Finland B","Finland U19","Finn Harps","Fiorentina","Fiorita","Flamengo","Flamengo Piaui","Flandria","Fleetwood Town","Flers","Flevo Boys","Flint Town United FC","Flora","Floresta","Floriana FC","Florida Soccer Soldiers","Fluminense","Fluminense de Feira","Fofar/Stranraer","Foggia","Foligno","Folkestone Invicta","Fontana (Formosa)","Fontenay Foot","Fontenay-le-Comte","Foolad","Forbach","Forest Green Rovers","Forest Rangers","Forfar Athletic","Forfar/ Forres Mechanics","Forge FC","Formartine United","Forres Mechanics","Forres Mechanics/Dalbeattie Star","Forres/East Stirling","Fort Lauderdale Strikers","Fort William","Fort Worth Vaqueros","Fortaleza","Fortaleza CEIF","Fortuna Düsseldorf","Fortuna Hjorring","Fortuna Köln","Fortuna Sittard","Fortuna Wormerveer","Forward Madison FC","Fougeres","Foz do Iguaçu","Fram Reykjavik","France","France B","France U17","France U19","France U20","France U21","France U23","Fraserburgh","Fraserburgh/St Cuthbert Wanderers","Frattese","Fredericksburg","Fredrikstad","Free State Stars","Frejus","French Guiana","Fresno FC","Fresno Fuego","Friburguense","Frickley Athletic","Frosinone","Fuenlabrada","Fuerza Amarilla","Fulham","Fulham U21","Fylkir","Fénix","GAIS","GD Chaves","GE Gloria","GFC Ajaccio","GIF Sundsvall","GPS Omens","GPS Portland Phoenix","GSI Pontivy","GVV Unitas","GVVV Veenendaal","Gabon","Gaddafi","Gainsborough","Gainsborough Trinity","Gala Fairydean","Galatasaray","Gallipoli","Galvez","Galway Utd","Gama","Gamba Osaka","Gambia","Gambia U20","Gandzasar Kapan","Garankuwa United","Gateshead","Gaz Metan","Gaziantepspor","Gazisehir Gaziantep","Gazovik Orenburg","Gaúcho","Gefle IF","Gela","Gelbison","Gemert","Genclerbirligi","Genclerbirligi OFTAS","General Caballero","General Díaz","General Lamadrid","General San Martín (Formosa)","General Velásquez","Genoa","Genus","Georgia","Georgia U19","Germania Halberstadt","Germania Windeck","Germany","Germany U17","Germany U19","Germany U20","Germany U21","Germany U23","Gernika Club","Getafe","Geylang International","Ghana","Ghana U17","Ghana U20","Giana Erminio","Giannina","Giarre","Gibraltar","Gieres","Gil Vicente","Gillingham","Gimnasia (CDU)","Gimnasia (Mendoza)","Gimnasia La Plata","Gimnasia y Esgrima (Jujuy)","Gimnasia y Tiro (Salta)","Gimnastic de Tarragona","Gimnastica Segoviana","Gimnástica Torrelavega","Giresunspor","Girona","Girvan","Giulianova","Giwa FC","Gjilani","Glasgow City","Glasgow Univ","Glasgow University","Glenafton Athletic","Glenavon","Glentoran","Globo","Gloucester","Glória","Go Ahead Eagles","Go Ahead Kampen","Go Round","Godoy Cruz Antonio Tomba","Goianesia","Goiás","Gokulam Kerala FC","Gold Coast United","Golden Arrows","Golden Lion","Golden Star","Golden State Force","Golspie Sutherland","Golspie Sutherland/Fort William","Golspie Sutherland/Girvan","Gombe United","Gomel","Gonfreville","Gor Mahia","Gornik Zabrze","Gosport Borough","Gothenburg","Goytacaz","Goztepe","Gral. Paz Juniors","Gran Valencia Maracay","Granada","Grand Rapids FC","Grande Synthe","Granville","Grasshoppers","Grasshoppers Zürich","Gravelines","Grays Athletic","Great Britain","Great Olympics","Grecia","Greece","Greece U20","Greece Women","Green Buffaloes","Green Eagles","Greenock","Greenock Morton","Greenville Triumph","Greifswalder SC","Gremio Barueri","Grenada","Grenoble","Gresik United","Gretna","Gretna 2008","Grimsby Town","Grosseto","Grupo Universitario","Grêmio","Grêmio Barueri","Guabirá","Guadalajara","Guadalupe","Guadeloupe","Guaireña","GualdoCasacastalda","Guam","Guangzhou","Guangzhou City","Guarani","Guarani BA","Guarani MG","Guarani SP","Guarany","Guaraní A. Franco","Guaratinguetá","Guaros de Lara","Guastatoya","Guatemala","Guayaquil City FC","Guaymallén","Gubbio","Gudja United","Gueret","Guerreros F.C.","Guidonia","Guijuelo","Guillermo Brown","Guimaraes","Guinea","Guinea Bissau","Guinea U17","Guinea U20","Guinea-Bissau","Guingamp","Guiseley","Guizhou Hengfeng FC","Gulf Saraburi","Gurupi","Gutiérrez SC","Guyana","Guía","Gyeongnam","Gyirmot FC Gyor","Gyor","Györi ETO FC","Gzira United","Górnik Leczna","Güemes","HB Køge","HB Torshavn","HBS","HHC Hardenberg","HIT Gorica","HJK Helsinki","HNK Cibalia","HNK Sibenik","HSC '21","HSV Barmbek-Uhlenhorst","HSV Hoek","HV & CV Quick","HVV Te Werve","Haaglandia/Winston","Haarlem FC","Haddington Athletic","Haiti","Haiti U17","Haiti U23","Hajduk Split","Halesowen","Hallescher FC","Halmstad","Halmstads BK","Halseteren","Ham-Kam","Hamburg SV","Hamilton Academical","Hamilton Academical U21","Hamilton/Alloa","Hamilton/Rangers","Hamiton Academical U20","Hammarby","Hampton & Richmond","Hamrun Spartans","Hangzhou Greentown","Hannover 96","Hannover Park","Hanoi","Hanover Park","Hansa Rostock","Hansa Rostock II","Hapoel Acre","Hapoel Ashkelon","Hapoel Be'er","Hapoel Hadera","Hapoel Haifa","Hapoel Jerusalem","Hapoel Kfar Saba","Hapoel Kiryat Shmona","Hapoel Nof HaGalil","Hapoel Ra'anana","Hapoel Ramat Gan","Hapoel Tel Aviv","Hapoel Tel-Aviv","Happy Wanderers","Harare City","Harbour View","Harimau Muda","Haringey Borough","Harkemase Boys","Harlow Town","Haro Deportivo","Harrogate Railway","Harrogate Town","Harrow Borough","Hartford Athletic","Hartlepool United","Hashtag United","Hassania Agadir","Hastings Utd","Hatayspor","Haugesund","Hauts Lyonnais","Havant & Waterlooville","Haverfordwest","Hawick Royal Albert","Hayes","Hayes & Yeading","Hazerbrouk","Heart of Midlothian","Heart of Midlothian B","Heart of Midlothian U20","Heartland","Hearts of Oak","Hearts/St Johnstone","Hebei FC","Hednesford","Heerenveen","Heerenveen II","Hekari United","Hellas Verona","Helmond Sport","Helsingborg","Hemel Hempstead Town","Henan Songshan Longmen","Hendon","Hengrove Athletic","Heracles Almelo","Hercules","Heredia","Herediano","Hereford F.C.","Hereford United","Herentals","Hermannstadt","Hermanos Colmenarez","Hermes","Hertha Berlin","Heybridge","HiT Gorica/Randers FC","Hibernian","Hibernian B","Hibernian U20","Hibernian Women","Hibernian/ Ross County","Hibernians","Hienghene","Hienghène Sport","Highlanders","Highlands Park","Hill of Beath Hawthorn","Hilversum","Hinckley Utd","Hispano","Histon","Hitchin Town","Hobro IK","Hodd","Hoek van Holland","Hoffenneim","Holland B","Hollandia","Holstein Kiel","Honduras","Honduras Progreso","Honduras U17","Honduras U20","Honduras U23","Honefoss","Hong Kong","Honvéd","Hoogland","Horizonte","Hornchurch","Horoya","Horsham","Hospitalet","Hougang United","Houston Baptist","Houston Dash","Houston Dutch Lions FC","Houston Dynamo FC","How Mine","Huachipato","Huddersfield Town","Huesca","Hull City","Humble Lions","Hungary","Hungary U17","Hungary U20","Hungary U21","Hungry Lions","Huntly","Huntly/Auchinleck","Huntly/Girvan","Huracán","Huracán (CR)","Huracán (Las Heras)","Huracán (San Rafael)","Huracán (TA)","Huracán FC (Goya)","Huracán Gral Gregoeres","Huracán Melilla","Huracán Valencia","Huracán de Tres Arroyos","Hurlford Utd","Hwange","Hyde","Hyderabad","Hythe Town","IBV","IC Croix","IF Elfsborg/FC Iskra-Stal","IF Fuglafjordur","IF Fuglafjørdur","IFK","IFK Mariehamn","IFK Norrkoping","IJsselmeervogels","IK Brage","IK Start","IR Iran","Iberia","Iberoamericana","Ibiza Islas Pitiusas","Icasa","Iceland","Iceland U21","Ifeanyi Ubah FC","Ikapa Sporting","Ikorodu United","Ilkeston Town","Imbabura","Imolese","Indeni","Independente","Independiente","Independiente (N)","Independiente (Río Colorado)","Independiente (Tandil)","Independiente CG","Independiente FBC","Independiente Medellín","Independiente Petrolero","Independiente Rivadavia","Independiente Santa Fe","Independiente Terán","Independiente de Cauquenes","Independiente de Neuquén","Independiente de la Chorrera","Independiente del Valle","India","India U17","Indian Arrows","Indios B","Indios de Ciudad Juárez","Indonesia","Indy Eleven","Institute","Instituto (Córdoba)","Inter","Inter Allies","Inter Baku","Inter D'Escaldes","Inter Miami CF","Inter Moengotapoe","Inter Nashville FC","Inter SM","Inter de Limeira","Intercity Sant Joan d'Alacant","Internacional","Internacional de Lages","Internacional de Madrid","Internazionale","Interporto","Inverness CT/ Celtic","Inverness Caledonian Thistle","Inverness Caledonian Thistle U20","Inverness/Partick","InvernessCT/Motherwell","Inverurie Loco Works","Inverurie Locos","Inverurie Locos/ Motherwell","Ionikos","Ionikos FC","Ipatinga","Ipswich Town","Iraklis","Iran U17","Iran U20","Irapuato","Iraq","Iraq U17","Iraq U20","Iraq U23","Ireland Women","Irtysh Pavlodar","Irvine Meadow","Irvine Meadow XI","Isidro Metapán","Iskra","Ismaily","Israel","Israel U21","Issy Ararat","Issy-les-Moulineaux","Istanbul Basaksehir","Istanbulspor","Istiklol","Istres Ouest","Itabaiana","Italy","Italy U17","Italy U19","Italy U20","Italy U21","Ituano","Ituiutaba Esporte Clube","Ituzaingó","Ivinhema","Ivory Coast","Ivory Coast U17","Ivory Coast U23","Ivory Coast Women","Ivrea","Iwaki","Izarra","Iztapa","J. Fertoise Bagnoles","J. J. de Urquiza","J. Malucelli Futebol","JDR Stars","JEF United Ichihara-Chiba","JJ Urquiza","JJK","JK Narva Trans","JMC Hippos","JOS","JS Douvres","JS Kabylie","JS Saint-Pierroise","JS Saoura","JSV Nieuwegein","JVC Cuijk","JVC Cuyk","Jablonec","Jacksonville Armada","Jacksonville Armada U23","Jacuipense","Jaen","Jagiellonia Bialystock","Jagiellonia Bialystok","Jagodina","Jaguares Tapachula","Jaguares de Córdoba","Jalapa","Jamaica","Jamaica U17","Jamshedpur FC","Japan","Japan U17","Japan U20","Japan U23","Jaraaf","Jaraguá","Jarville","Jeanfield Swifts","Jeanne d'Arc","Jeanne d'Arc Biarritz","Jeju United","Jeonbuk Motors","Jersey Express SC","Jetysu Taldykorgan","Jeunesse Esch","Ji-Parana","Jiangsu Suning","Jicaral","Jigawa Stars","Jocoro FC","Jodan Boys","Joe Public","Johor Darul Ta'zim","Joinville","Jomo Cosmos","Jong AZ","Jong Ajax","Jong De Graafschap","Jong FC Twente","Jong FC Utrecht","Jong PSV","Jonkopings Sodra","Jordan","Jordan U20","Jorge Newbery (C. Rivadavia)","Jorge Newbery (VT)","Jorge Wilstermann","José Gálvez","Juan Aurich","Juazeirense","Juazeiro SC","Jubilo Iwata","Jumeaux de M Zoisia","Jumilla","Jura Sud Foot","Juticalpa","Juv. Independiente","Juve Stabia","Juvenes/Dogana","Juventud","Juventud Alianza","Juventud Antoniana","Juventud Escuintleca","Juventud Independiente","Juventud Retalteca","Juventud Unida","Juventud Unida (Gualeguaychú)","Juventud Unida (SL)","Juventud Unida Universitario","Juventude","Juventude RS","Juventude-MA","Juventus","Juventus Bucharest","KAA Gent","KCB","KCCA","KF Laci","KF Shkëndija","KFC Uerdingen 05","KI Klaksvik","KL Felda United","KL Sime Darby","KR Reykjavik","KS Flamurtari Vlorë","KS Teuta","KSC Lokeren","KSV Baunatal","KSV Hessen Kassel","KV Kortrijk","KV Mechelen","KV Oostende","KVC Westerlo","Kabwe Warriors","Kabwe YSA","Kafue Celtic","Kairat Almaty","Kaisar","Kaiserslautern","Kaizer Chiefs","Kakamega Homeboys","Kalev Sillamae","Kalju","Kalloni AEL","Kalmar FF","Kalmar FF/FC Dacia","Kalteng Putra","Kano Pillars","Kansanshi Dynamos","Kapfenberg SV","Karabukspor","Karabükspor","Karela","Kariba","Kariobangi Sharks","Karlsruher SC","Karpaty Lviv","Kashima Antlers","Kashiwa Reysol","Kasimpasa","Katsina United","Kauno Zalgiris","Kavala","Kawasaki Frontale","Kaya","Kayserispor","Kazakhstan","Kazygurt","Kecskemeti TE","Kedah","Keflavik","Keith","Kelantan","Kelty Hearts","Kendall Wanderers","Kenkre","Kenya","Kerala Blasters FC","Kerkyra","Kettering Town","Khazar Lenkoran","Khon Kaen United","Khujand","Kickers Emden","Kickers Offenbach","Kidderminster Harriers","Kilmarnock","Kilmarnock U20","Kilmarnock U21","Kilmarnock/Falkirk","King Faisal Babes","King's Lynn","Kings Lynn Town","Kingston Stockade FC","Kingstonian","Kispest Honved","Kisumu All Stars","Kitara","Kitchee","Kitsap Pumas","Kitwe United","Kloetinge","Kocaelispor","Koge","Kongsvinger","Koninklijke HFC","Konkola Blades","Konyaspor","Koper","Kosovo","Kozakken Boys","Krasnodar","Kristiansund BK","Krylia Sovetov","KuPS Kuopio","Kuala Lumpur","Kuban Krasnodar","Kuwait","Kuwait SC","KwaDukuza United","Kwara United","Kyetume","Kyoto Purple Sanga","Kyrgyz Republic","L' Aquila","L'Aquila","L'lle-Rousse","L.N. Alem","LA Force","LA Galaxy","LA Wolves","LAFC","LALA FC","LASK Linz","LRC Leerdam","LSK Kvinner","La Bocana","La Cayolle","La Emilia","La Equidad","La Gacilly","La Hoya Lorca","La Máquina FC","La Nucía","La Paz","La Piedad","La Roche-sur-Yon","La Rochelle","La Serena","La Suze","La Vitreenne","Laferrere","Lagarto","Lajeadense","Lakeland Tropics","Lamadrid","Lamia","Lancaster","Lanchkhuti","Lanciano","Langreo","Lansdowne Bhoys FC","Lansing Ignite FC","Lanusei","Lanús","Laon","Laos","Laredo Heat","Larissa","Larissa FC","Larne","Las Palmas","Las Rozas CF","Las Vegas Lights FC","Latina","Latte Dolce","Lattes","Latvia","Latvia U23","Lausanne Sports","Lausanne Sports/Borac","Lautaro de Buin","Lazio","Le Havre AC","Le Mans","Le Poire SV","Le Puy","Lealtad","Leamington","Leandro N. Alem","Leatherhead","Lebanon","Lecce","Lecco","Lech Poznan","Lechia Gdansk","Lee Man","Leeds United","Leeds United U21","Leek Town","Legacy 76","Leganés","Lege Capferret","Legia Warsaw","Legnano","Legon Cities","Leher TS","Leicester City","Leicester City U21","Leicester City U23","Leigh RMI","Leioa","Leiston","Leith Athletic","Leixoes","Lens","Leones","Leotar","Les Herbiers","Les Lilas","Lesotho","Lesotho/Mozambique","Lesquin","Levadiakos","Levante","Levski Sofia","Levski Sofia/Dundalk","Lewes","Leyton Orient","León","León de Huánuco","Liaoning Whowin","Liberec","Liberia","Libertad","Libertad (S)","Libertas","Libertas Borgo Maggiore","Liberty Professionals","Libourne","Libya","Liebherr Grazer AK","Liechtenstein","Lierse SK","Liga MX All-Stars","Liga de Loja","Liga de Portoviejo","Liga de Quito","Lija Athletic FC","Lille","Lille Sud","Lillestrom","Limerick FC","Limoges","Limon","Limonest","Linares","Linares Deportivo","Lincoln City","Lincoln FC","Lincoln Ladies","Lincoln Red Imps","Linense","Linfield","Liniers","Liniers (BB)","Linlithgow","Linlithgow Rose","Linqueño","Lion City Sailors","Lions XII","Lisburn Distillery","Lisse","Liteks Lovetch","Lithuania","Little Rock Rangers","Liverpool","Liverpool Ladies","Liverpool U21","Liverpool Women","Livingston","Livingston B","Livingston/Dundee","Livorno","Ljungskile","Llagostera","Llandudno Town","Llanelli","Llanera","Llaneros","Llapi","Lleida","Lobi Stars","Lobos BUAP","Lochee United","Lochee Utd","Locmine Saint-Colomban","Lokomotiv Moscow","Lokomotiv Plovdiv","Lokomotiv Sofia","Lokomotiv Tbilisi","Lokomotiva Zagreb","Lokomotive Tashkent","Londrina","Long Island Rough Riders","Longa '30","Longford Town","Longueau","Loon Plage FC","Lorca CF","Lorca Deportiva","Lorient","Loros Universidad","Los Andes","Los Caimanes","Lossiemouth","Lota Schwager","Lothian Thistle","Lothian Thistle Hutchison Vale","Louhans-Cuiseaux","Louisiana Krewe","Louisville City FC","Lov-Ham","Lovcen","Lowestoft Town","Lubeck","Lucchese","Lucena CF","Luch-Energiya Vladivostok","Lucon","Ludogorets Razgrad","Luftëtari Gjirokastër","Lugano","Lugo","Luis Angel Firpo","Luján","Lumezzane","Lumwana Radiants","Lusaka Dynamos","Lusitanos","Luton Town","Luton XI","Luverdense","Luxembourg","Luzenac","Luziania","Luziânia","Lweza FC","Lyn Oslo","Lyngby","Lyon","Lyon Duchere","Lyon-Duchère","Lège-Cap-Ferret","Lüneburger SK Hansa","MC Alger","MFK Kosice","MFK Ruzomberok","MFM FC","MLS All-Stars","MOS 3 Rivieres","MSK Zilina","MSV Duisburg","MTK Budapest","MTK Hungaria","MTV Eintracht Celle","MTZ-RIPO","MVV Maastricht","MYDA FC","Macarthur FC","Macará","Macau","Macaé","Maccabi FC","Maccabi Haifa","Maccabi Netanya","Maccabi Paris","Maccabi Petah-Tikva","Maccabi Tel-Aviv","Macclesfield Town","Maceratese","Madagascar","Madura United","Madureira","Maestro United Zambia","Magallanes","Magdeburg","Magesi FC","Magny","Maidenhead Utd","Maidstone United","Maidstone Utd","Mainvilliers","Mainz","Malacateco","Malawi","Malaysia","Malaysia All-Stars XI","Maldives","Maldon & Tiptree","Mali","Mali U17","Mali U20","Malleco Unido","Mallorca","Malmo FF","Malta","Mamelodi Sundowns","Managua","Manaus","Manchester City","Manchester City U21","Manchester United","Manchester United U21","Manica Diamonds F.C.","Manisaspor","Mansfield Town","Manta F.C.","Mantes 78","Mantova","Maranhao Sao Luis","Marathon","Marathón","Marbella FC","Marchamalo","Margate","Marignane","Marignane Gignac","Marine","Maringá","Marino de Luanco","Maritimo","Maritimo/Sporting Fingal","Maritzburg United","Mariveni United","Markaz Balata","Markaz Shabab Al-Am'ari","Maroons FC","Marquense","Marsaxlokk FC","Marseille","Marseille Consolat","Martigues","Martina","Martinique","Marumo Gallants","Marília AC","Masavu FC","Mash'al","Massese","Matelica","Matera","Mathare United","Matlock Town","Matsumoto Yamaga FC","Maubeuge","Mauritania","Mauritius","Mazatlán FC","Maziya","Mbabane Swallows","Mbarara","Mbombela United","Meaux","Med City FC","Medeama","Melaka","Melbourne City FC","Melbourne Victory","Melfi","Melgar","Melgar FBC","Melilla","Melilla CD","Melipilla","Memphis 901 FC","Mensajero","Mersin Idmanyurdu","Merstham","Merthyr","Mes","Mesquita","Messina","Met Police","Metalurg","Metalurg Donetsk","Metalurgi Rustavi","Metapan","Metropolitan Police","Metropolitanos FC","Metz","Mexico","Mexico U17","Mexico U20","Mexico U23","Mexiquense","Mezokövesdi SE","Mezzocorona","Miami FC","Miami United FC","Michigan Bucks","Michigan Stars","Mictlan","Middlesbrough","Middlesbrough U21","Middlesbrough U23","Midland","Midland-Odessa Sockers FC","Miengo","Mika Ashtarak","Mikado Nam Dinh","Millonarios","Millwall","Milton Keynes Dons","Milton Keynes Dons XI","Milwaukee Bavarian SC","Mineros de Guayana","Mineros de Zacatecas","Minerva Punjab","Minerven","Minguettes Venissieux","Minneapolis City","Minnesota United FC","Minsk","Miramar","Mirandés","Mirassol","Mississippi Brilla FC","Mitra Kukar","Mitre (Salta)","Mitre (Santiago del Estero)","Mitrovica Women","Mixto","Mjallby","Mjondalen IF","Mlada Boleslav","Mladost Lucani","Mladost Pogorica","Moadon Sport Ashdod","Modena","Modrica","Moghreb Tetouan","Mogi Mirim","Mogren","Mohammedan SC","Mohun Bagan","Moissy-Cramayel","Molde","Moldova","Monagas SC","Monaghan Utd","Mondeville","Mongolia","Monopoli 1966","Mons Calpe","Montauban","Montañesa","Montceau","Monte Azul","Montecatini","Montedio Yamagata","Montego Bay United FC","Montelimar","Montenegro","Monterosi","Monterrey","Monterrey A","Monterrico San Vicente","Montevideo City Torque","Montfoort","Montlucon","Montpellier","Montrose","Montrose/Arbroath","Monts d'Or Azergues Foot","Montserrat","Monza","Moor Green","Mora","Mordovia Saransk","Morecambe","Moreirense","Moreno Valley","Morocco","Morocco U17","Moroka Swallows","Morton/Celtic","Mosta FC","Motherwell","Motherwell B","Motherwell U20","Moto Club","Moulins","Mouscron","Mozambique","Mt de Marsans Stade","Mt. Kenya United","Mthatha Bucks","Mtsapéré","Muangthong United","Mufulira Wanderers","Muhoroni Youth","Mulhouse","Multivera","Mumbai City FC","Municipal","Municipal Liberia","Municipal Limeño","Municipal Santiago","Mura","Murata","Murcia","Murcielagos FC","Muret","Murici","Mushowani Stars F.C.","Mushuc Runa","Mutare City Rovers","Muñiz","MyPa","Myanmar","Myanmar U20","Myrtle Beach Mutiny FC","Málaga","Mâcon","Mérida","Móstoles","NA Hussein Dey","NAC Breda","NAPSA Stars","NC Pro's","ND Gorica","NEC Nijmegen","NEROCA FC","NK Celje","NK Domzale","NK Koper","NK Lokomotiva","NK Maribor","NK Slaven Koprivnica","NS Mura","NSI Runavik","NTX Rayados","Nacional","Nacional 1906","Nacional FC","Nacional Potosí","Nacional de Madeira","Nacional de Manaus","Naft Tehran","Naftan Novopolotsk","Nagoya Grampus","Nairn County","Nairobi City Stars","Najaf","Nakambala Leopards","Nakhonratchasima","Nalón CF","Namibia","Namungo","Nantes","Nantwich Town","Naples United FC","Napoli","Nasaf Quarshi","Nasarawa United","Nashville SC","Nashville United","Nathi Lions","National Assembly","Nautico RR","Naval 1º Maio","Naviraiense","Navy Football Club","Naxara","Naxxar Lions","Nchanga Rangers","Ndejje University","Neath","Necaxa","Necaxa (HON)","Neckarsulmer Sport-Union","Neftchi","Neftchi Baku PFC","Neftchi Fergana","Negeri Sembilan","Nejapa","Neman Grodno","Nepal","Neslois","Netherlands","Netherlands Antilles","Netherlands U17","Netherlands U19","Netherlands U21","Neuchatel Xamax","Neustrelitz","New Caledonia","New Caledonia U17","New England Revolution","New Jersey Copa","New Mexico United","New Monze Swallows","New Orleans Jesters","New York City FC","New York Cosmos","New York Pancyprian Freedoms","New York Red Bulls","New York Red Bulls U23","New Zealand","New Zealand Knights","New Zealand U17","New Zealand U20","New Zealand U23","Newcastle Jets","Newcastle United","Newcastle United U21","Newell's Old Boys","Newport County","Newry","Newry City AFC","Newton Stewart","Newtongrange Star","Newtown","Newtown Pride FC","Ngezi Platinum","Nicaragua","Nice","Nichrut","Niger","Niger Tornadoes","Niger U17","Nigeria","Nigeria U17","Nigeria U20","Nigeria U23","Niki Volos","Nimes","Niort","Nitra","Nizhny Novgorod","Nkana","Nkwazi","Nocerina","Noisy-le-Grand","Noisy-le-Sec","Nomme Kalju","Nong Bua Pitchaya","Noordwijk","Norderhov","Normannia Gmund","Noroeste","North Carolina Courage","North Carolina FC","North Carolina Fusion U23","North Ferriby United","North Ferriby Utd","North Korea","North Korea U17","North Korea U20","North Macedonia","North Macedonia U21","North Queensland Fury","North West University","NorthEast United FC","Northampton Town","Northern Ireland","Northern Ireland B","Northwich Victoria","Norton United","Norway","Norway U19","Norway U20","Norway U21","Norwich City","Norwich City U21","Norwich City U23","Nottingham Forest","Notts County","Nova Iguaçu","Nova Mutum","Novara","Novo Hamburgo","Novoperário","Novorizontino","Nueva Chicago","Nueva Concepcíon","Numancia","Nuneaton Town","Nunspeet","Nurnberg","Nyamityobora","Nzoia United","Náutico","Nöttingen","O'Higgins","O.R Tambo District","ODIN '59","OFC","OFC Kickers 1901","OFI Crete","OFK Belgrade","OFK Belgrade/Torpedo Zhodino","OH Leuven","OJC Rosmalen","OKC Energy U23","ONS Sneek","OSA FC","OWIOS","Oakland Roots","Ocean City Nor'easters","Odds BK","Odense BK","Odense Boldklub","Odisha FC","Oeste","Offenburger FV","Oissel","Oita Trinita","Oklahoma City Energy FC","Okzhetpes Kokshetau","Olaria","Oldham Athletic","Olhanense","Olimpia","Olimpic","Olimpija Ljubljana","Olimpik Baku","Olimpik Sarajevo","Olimpo","Olmedo","Olomouc","Olot","Olympiacos Volou","Olympiakos","Olympic Club","Olympique Marcquois","Olympique Saint-Quentin","Olympique Strasbourg","Olympique d""Alès","Olímpia (H)","Olímpic de Xátiva","Oman","Omiya Ardija","Omonia Nicosia","Once Caldas","Once Deportivo","Once Municipal","Once Tigres","Onduparaka","Ontinyent CF","Operario MS","Operario MT","Operario PR","Orange County FC","Orange County SC","Oratorio","Orbit College","Ordabasy Shymkent","Orduspor","Orebro SK","Orense","Orgryte IS","Oriente Petrolero","Orihuela","Orión FC","Orlando City SC","Orlando Pirates","Orleans","Orly","Orléans","Orsomarso SC","Orvault","Osasuna","Osijek","Osmanlispor","Osorno","Osotspa M150","Oss '20","Osters IF","Ostersunds FK","Otelul Galati","Otôho d'Oyo","Oud-Heverlee Leuven","Ourense CF","Outbreak FC","Oxford City","Oxford United","PAOK Salonika","PD Santa Eulalia","PDRM","PEC Zwolle","PFC Litex Lovech","PJ Stars","PKNP","PKNS","PSA Elite","PSIS Semarang","PSM Makassar","PSMS Medan","PSS Sleman","PSTC","PSV","PSV Eindhoven","PT Prachuap","PTT Rayong","Pachuca","Pacy-sur-Eure","Pacífico FC","Padova","Paganese","Pagny-sur-Moselle","Pahang","Paide Linnameeskond","Paidha Black Angels","Paimpol","Pakhtakor Tashkent","Pakistan","Paksi SE","Palaiseau","Palermo","Palestine","Palestino","Palmas","Palmeiras","Panaderia Pulido","Panama","Panama U17","Panama U20","Panama U23","Panathinaikos","Panazol","Pandurii Targu-Jiu","Panetolikos","Panevezys","Panionios","Panserraikos","Panthrakikos","Papendrecht","Papua New Guinea","Paradou AC","Paragominas","Paraguay","Paraguay Sub 20","Paraguay U17","Paraná","Parauapebas","Paris FC","Paris Saint-Germain","Parkgate","Parma","Parnahyba","Parrillas One","Partick Thistle","Partick Thistle U20","Partizan Belgrade","Partizani Tirana","Pas Giannina","Pasaquina FC","Passion","Passo Fundo","Patriotas","Patrocinense","Patronato","Pau","Paulista FC","Paulistano","Paulton Rovers","Pavia","Paysandu","Paysandú","Paços de Ferreira","Pelister Bitola","Pelotas","Pembroke Athleta FC","Pena Deportiva","Pena Sport","Penang","Penapolense","Penarol","Pendikspor","Penicuik","Penn FC","Penybont FC","Perak","Perdedor Llave 5","Perdedor Llave 6","Perez Zeledon","Pergocrema","Perpignan","Persebaya Surabaya","Persela","Persepolis","Persib","Persiba Balikpapan","Persija","Persik Kediri","Persipasi Bandung Raya","Persipura","Persiraja Banda Aceh","Persiram","Persita Tangerang","Perspolis","Perth Glory","Peru","Perugia","Perú U17","Pescina Valle del Giovenco","Petaling Jaya City FC","Petapa","Peterborough United","Peterhead","Peterhead/ Queens Park","Petro de Luanda","Petrocub-Hincesti","Petrolul Ploiesti","Petrovac","Pettirossi","Peña Azagresa","Peña Sport","Peñarol","Pfullendorf","Philadelphia Lone Star FC","Philadelphia Union","Philadelphia Union II","Philippines","Phiva Young Stars","Phoenix Rising FC","Piacenza","Piast Gliwice","Piauí Teresina","Picos","Pieta Hotspurs","Pilmahue","Pineto","Pirae","Pirata","Pirmasens","Pisa","Pitea Women","Pittsburgh Riverhounds","Plabennec","Placido de Castro","Platanias","Plateau United","Platense","Platense Zacatecoluca","Platinum","Platinum City Rovers","Platinum Stars","Plaza Amador","Plaza Colonia","Pluvigner","Plymouth Argyle","Poblense","Podgorika","Pogon Szczecin","Pohang Steelers","Poissy","Poland","Poland U20","Poland U21","Police FC","Police Tero","Police United","Pollok","Pollok/ Spartans","Polokwane City","Polonia Warsaw","Pomezia","Pomigliano","Ponferradina","Ponsacco","Pont de Cheruy","Pont de Roide Vermondans","Pontarlier","Pontcharra","Ponte Preta","Ponte San Pietro","Ponte San Pietro-Isola","Pontedera","Pontevedra","Pontivy","Pordenone Calcio","Port","Port La Nouvelle","Port Talbot","Port Vale","Portadown","Portadown/FK Qarabag","Porthmadog","Portimonense","Portland Phoenix","Portland Thorns FC","Portland Timbers","Portland Timbers U23","Portmore Utd","Porto Alegre","Porto Velho","Portosummaga","Portsmouth","Portuense","Portugal","Portugal U19","Portugal U20","Portugal U21","Portugal U23","Portugalete","Portuguesa","Portuguesa (Ca)","Portuguesa Santista","Portuguesa-RJ","Posta Rangers","Potenza","Potiguar de Mossoro","Pouso Alegre","Power Dynamos","Prato","Prestatyn Town","Preston Ath","Preston Ath/Annan","Preston Athletic","Preston North End","Preston/Crystal Palace","Pretoria Callies","Pretoria Univ","Preussen Munster","Princesa do Solimoes","Prishtina","Prison Leopards","Pro Patria","Pro Piacenza","Pro Sesto","Pro Vasto","Pro Vercelli","Progres Niederkorn","Progreso","Proline","Provincial Ovalle","Puebla","Puerto Montt","Puerto Nuevo","Puerto Rico","Puerto Rico Islanders","Puertollano","Pulpileño","Pumas Generalena","Pumas Morelos","Pumas Tabasco","Pumas UNAM","Puntarenas","Pusamania Borneo","Puskas Akademia","Pyramids FC","Pyunik","Qatar","Qatar U20","Qingdao","Qormi FC","Queen of the South","Queen's Park","Queen's Park/Rangers","Queens Park Rangers","Querétaro","Quick '20","Quick Boys","Quick Boys ll","Quilmes","Quimperle","Quintanar del Rey","Quissama","RAEC Bergen Mons","RB Brasil","RB Leipzig","RBC Roosendaal","RFC Seraing","RKAV Volendam","RKC Waalwijk","RKC Waalwijk 2","RKHVV","RKSV Groene Ster","RKVV Westlandia","RNK Split","ROHDA Raalte","RSB Berkane","RSV Meinerzhagen","RTU","RVVH","RW Hasborn","RW Oberhausen","RWDM","Rabotnicki Kometal","Racing","Racing (Cba)","Racing (Córdoba)","Racing (O)","Racing (T)","Racing Besancon","Racing Club","Racing Ferrol","Racing Genk","Racing Luxembourg","Racing Murcia","Racing Rioja","Racing Santander","Rad Belgrade","Radnicki Nis","Radnik Bijeljina","Raith Rovers","Raith/Aberdeen","Raja Casablanca","Rajasthan United","Rakow Czestochowa","Ramonense","Rampla Juniors","Ramsgate","Randers FC","Ranger's Venecia","Rangers","Rangers B","Rangers U20","Rangers U21","Rangers de Talca","Rangers/ Dundee Utd","Rangers/ Partick","Rangers/Hibernian","Ranheim","Raon-l'Etape","Rapallobogliasco","Rapid Bucuresti","Rapid Vienna","Ratchaburi Mitrphol","Ravenna","Ravshan Kulob","Raya2","Rayo Majadahonda","Rayo OKC","Rayo Vallecano","Rayon Sport","Rayong FC","Reading","Reading U21","Reading U23","Reading United AC","Reading/Birmingham","Real Ariquemes","Real Aviles Industrial","Real Balompédica Linense","Real Betis","Real Brasília","Real Cartagena","Real Espana","Real España","Real Espor","Real Estelí","Real Jaen CF","Real Juventud","Real Kashmir","Real Madrid","Real Madrid Castilla","Real Mamoré","Real Marcianise","Real Nakonde","Real Noroeste","Real Oviedo","Real Pilar","Real Potosí","Real Salt Lake","Real Santa Cruz","Real Santander","Real Sociedad","Real Sociedad II","Real Titánico","Real Tomayapo","Real Unión Irun","Real Valladolid","Real Valladolid CF II","Real Zaragoza","Recreativo Huelva","Recreativo Libolo","Red Arrows","Red Bull Bragantino","Red Force","Red Star Belgrade","Red Star FC 93","Redbridge FC","Reding","Regatas Bella Vista","Reggiana","Reggina","Reims Ste-Anne","Remo","Remo Stars","Renate","Renato Curi","Rende","Rengo","Rennes Brequigny","Rennes TA","Reno","Reno 1868 FC","Renova","Rentistas","Rep of Ireland B","Republic of Ireland","Republic of Ireland U19","Resende","Retró","Reus Deportiu","Rhyl","Ribadumia","Richards Bay","Richmond Kickers","Riestra ","Riga FC","Rigas Futbola Skola","Rijeka","Rijnsburgse Boys","Rijsoord","Rimini","Rincón","Rio Ave","Rio Branco","Rio Branco (ES)","Rio Branco (Venda Nova)","Rio Branco FC","Rio Claro","Rio Claro Futebol Clube","Rio Grande Valley FC Toros","Rio Preto","Rionegro Águilas","Rivadavia (L)","River Plate","River Plate (Asunción)","River Plate (Orán)","Rivers United FC","Rivoli United","RoPS","Robinhood","Rocha FC","Rochdale","Rochester Lancers","Rochester Rhinos","Roda JC Kerkrade","Rodelindo Roman","Rodez Aveyron","Roeselare","Romania","Romania U19","Romania U21","Romania U23","Romorantin","Rondoniense","Rondonopolis","Rood Wit '62","Rosamonte","Rosario Central","Rosenborg","Rosengard","Ross County","Ross County B","Ross County U20","Ross County/Clyde","Ross County/Inverness CT","Ross County/Inverurie L W","Rossbach","Rostov","Rostrenen","Rot-Weiss Essen","Rotherham United","Rothes","Rouen","Royal AM","Royal Charleroi SC","Royal Eagles","Royal Excelsior Mouscron","Royal Pari","Roye","Rubin Kazan","Rubio Ñú","Ruch Chorzow","Rudar Pljevlja","Rudar Velenje","Rumilly Vallières","Runcorn","Rusadir","Rushden & Diamonds","Russia","Russia U17","Russia U21","Rwanda","Rwanda U17","Ryazan Women","Rápido de Bouzas","Ríver AC","S.S. Matera Calcio","S.V. Zulte Waregem","SC Amiens","SC Cambuur","SC East Bengal","SC Farense","SC Feyenoord","SC Freiburg","SC Genemuiden","SC Hauenstein","SC Hazebrouck","SC Joure","SC Paderborn 07","SC Pfullendorf","SC Preußen Münster","SC Rheindorf Altach","SC Rot-Weiß Essen","SC Santa Cruz","SC United Bantams","SC Veendam","SC Verl 1924","SC Villa","SC Weiche Flensburg 08","SC Westfalia Herne","SC Wiedenbrück 2000","SCD Durango","SCM","SCP Ruzomberok","SD Compostela","SD Formentera","SD Logroñés","SD Solares","SDC Putten","SE Gama","SE Penya Independent","SG Aumund-Vegesack","SG Sonnenhof Großaspach","SG Wattenscheid 09","SHO","SIMA Aguilas","SJK","SK Austria Klagenfurt","SK Brann","SK Sturm Graz","SK Tirana","SKA-Energiya Khabarovsk","SKA-Khabarovsk","SKU Ertl Glas Amstetten","SPAL","SS Folgore Falciano","SSEP Hombourg-Haut","SSV Jahn Regensburg","SSV Jeddeloh II","SSV Reutlingen","SSV Ulm 1846","SSVg Velbert","SV 07 Elversberg","SV ARC","SV Alemannia Waldalgesheim","SV Atlas Delmenhorst","SV Blauw Geel '38","SV Darmstadt 98","SV Drochtersen/Assel","SV Falkensee-Finkenkrug","SV Grodig","SV Grödig Amateure","SV Huizen","SV Josko Ried","SV Linx","SV Lippstadt 08","SV Mattersburg","SV Meerssen","SV Meppen","SV Morlautern","SV Niederauerbach","SV Rossbach","SV Rödinghausen","SV Sandhausen","SV Schott Jena","SV Todesfelde","SV Urk","SV Venray","SV Voran Brogbern III","SV Wacker Burghausen","SV Waldhof Mannheim","SV Waldkirch","SV Wehen Wiesbaden","SV Wilhelmshaven","SVL","SVV Scheveningen","Saarbrücken","Saba Battery","Sabah","Sabail","Sable-sur-Sarthe FC","Sablé FC","Saburtalo Tbilisi","Sacachispas","Sacramento Republic FC","Sacremento Republic","Sadolin Paints","Sagan Tosu","Saigon","Saint Denis FC","Saint George","Saint Louis FC","Saint Louis Neuweg","Saint-Armand","Saint-Brice","Saint-Brieuc","Saint-Etienne","Saint-Lo","Saint-Omer","Saint-Pryvé Saint Hilaire","Sainte Genevieve des Bois","Saipa","Sakaryaspor","Salernitana","Salford City","Salgueiro","Salisbury City","Salitas","Salthill Devon","Samaritaine","Sambenedettese","Samoa","Sampaio Correa RJ","Sampaio Corrêa","Sampdoria","Samsunspor","Samut Prakan","Samut Prakan City","San Agustín de Guadalix","San Antonio FC","San Antonio Unido","San Carlos","San Diego","San Diego 1904","San Diego Loyal SC","San Diego Zest","San Fernando CD","San Francisco","San Francisco City FC","San Francisco Deltas","San Jorge (Tucumán)","San Jose Earthquakes","San José","San Juan Jabloteh","San Lorenzo","San Lorenzo (Catamarca)","San Luis","San Marcos de Arica","San Marino","San Martin","San Martín (Burzaco)","San Martín (M)","San Martín (San Juan)","San Martín (Tucumán)","San Martín B","San Martín de Formosa","San Martín de Tucumán","San Miguel","San Nicolò","San Pédro","San Roque","San Roque de Lepe","San Salvador","San Sebastián de los Reyes","San Simón","San Telmo","Sanarate","Sandefjord","Sandnes Ulf","Sanfrecce Hiroshima","Sangiovannese","Sanjustino","Sannois-Saint-Gratien","Sanremese","Sansepolcro","Sansinena","Sansovino","Sant Andreu","Santa Ana Winds FC","Santa Clara","Santa Coloma","Santa Cruz","Santa Cruz (RS)","Santa Cruz de Natal","Santa Lucia","Santa Lucía Cotzumalguapa","Santa Rita","Santa Tecla","Santacrucena","Santamarina","Santarcangelo Calcio","Santegidiese","Santhia","Santiago Morning","Santiago Wanderers","Santo André","Santos","Santos A","Santos-AP","Sao Raimundo AM","Sao Tome e Principe","Saprissa","Sapucaiense","Sarawak","Sarmiento (Bell Ville)","Sarmiento (Junín)","Sarmiento (Resistencia)","Sarmiento (SE)","Sarnese","Sarpsborg FK","Sarreguemines","Sassuolo","Saturn Moscow","Saturnin-Arche","Sauchie Juniors","Saudi Arabia","Saudi Arabia U20","Saudi Arabia U23","Saumur","Sauveur","Savigneux Montbrison","Savoia","Savona","Savona F.B.C","Scarborough","Schaesberg","Schaffhausen","Schalke 04","Scheveningen","Schijndel","Schiltigheim","Schirrhein","Schwarz-Weiß Essen","Scotland","Scotland B","Scotland U20","Scunthorpe United","Scunthorpe XI","Seacoast United Phantoms","Seattle Sounders FC","Seattle Sounders U23","Seclin","Sedan","Sekhukhune United","Sektzia Nes Tziona","Selangor","Seligenporten","Selkirk","Selkirk/ Coldstream","Selkirk/ Vale of Leithen","Selongey","Semen Padang","Senegal","Senegal U17","Senegal U20","Senglea Athletic FC","Senlis","Sens","Seongnam Ilhwa","Sepahan","Sepsi Sfantu Gheorghe","Serbia","Serbia & Montenegro","Serbia U19","Serbia U20","Serbia U21","Sergipe SE","Serra","Sertaozinho","Servette","Sestao","Sete","Sete de Dourados","Sevilla","Sevilla Atletico","Sevojno","Seychelles","Sfintul Gheorghe","Shabab Al-Ahli","Shabanie Mine","Shahr Khodrou","Shakhtar Donetsk","Shakhter Karagandy","Shakhter Soligorsk","Shamrock Rovers","Shandong Taishan","Shanghai Port","Shanghai Shenhua","Sharjah","Sharks","Shaw Lane","Sheffield United","Sheffield Wednesday","Shelbourne","Shelbourne/Sporting Fingal","Shenzhen FC","Sheriff Tiraspol","Shildon","Shillong Lajong","Shimizu S-Pulse","Shirak","Shkupi","Shkëndija 79","Shonan Bellmare","Shooting Stars SC","Shortwood Utd","Shotts Bon Accord","Shrewsbury Town","Sibir Novosibirsk","Sicula Leonzio","Siena","Sierra Leone","Sigma Olomouc","Silkeborg IF","Sillamae Kalev","Silver Stars","Simba SC","Simurg","Sinaloa","Singapore","Sinop","Sint Maarten","Sint-Truidense","Sioni Bolnisi","Siquinala","Siquinalá","Siracusa","Sirens FC","Sirius","Siroki Brijeg","Sisaket","Sivasspor","Sivutsa Stars","Skelmersdale United","Skenderbeu","Skenderbeu Korce","Skonto Riga","Slask Wroclaw","Slaven Belupo Koprivnica","Slavia Prague","Slavia Sofia","Slavija Sarajevo","Sliedrecht","Sliema Wanderers","Sligo","Sloboda Tuzla","Slough","Slough Town","Slovacko","Slovakia","Slovakia B","Slovakia U17","Slovakia U21","Slovan Bratislava","Slovenia","Slovenia U19","Slovenia U21","Smouha Sporting Club","Sneek","SoNy Sugar","Sobradinho","Sochaux","Sochi","Social Español","Social Sol","Sociedade Imperatriz de Desportos","Socio Aguila","Sofapaka","Sogndal","Sol de America","Sol de América","Sol de América (F)","Sol de Mayo (Viedma)","Solihull Moors","Sololá","Solomon Islands","Solomon Islands U17","Somalia","Somozas","Sonderjyske","Sonoma County Sol","Sorrento","Sousa EC","South Africa","South Africa U17","South Africa U20","South Africa U23","South China","South Florida","South Florida Surf","South Georgia Tormenta 2","South Georgia Tormenta FC","South Korea","South Korea U17","South Korea U20","South Korea U23","South Shields","South Sudan","Southampton","Southampton U21","Southampton U23","Southend United","Southport","Sp. Alagoano","Sp. Atenas","Sp. Belgrano","Sp. Carapeguá","Sp. Fernández","Sp. Las Heras","Sp. Mercedes","Sp. Peñarol","Sp. Rivadavia (Venado Tuerto)","Sp. Villa Cubas","SpVgg Ansbach 09","SpVgg Bayreuth","SpVgg Greuther Furth","SpVgg Neckarelz","SpVgg Unterhaching","SpVgg Weiden","Spain","Spain U17","Spain U19","Spain U20","Spain U21","Spain U23","Spakenburg","Sparta Nijerk","Sparta Nijkerk","Sparta Prague","Sparta Rotterdam","Spartak","Spartak Moscow","Spartak Myjava","Spartak Nalchik","Spartak Subotica","Spartak Zlatibor Voda","Spartaki Tskhinvali","Spartans","Spartans FC","Spartans/St Mirren","Spennymoor Town","Speranta Nisporeni","Spezia","Sport","Sport Ancash","Sport Boys","Sport Boys Warnes","Sport Club Pacífico","Sport Colombia","Sport Huancayo","Sport Loreto","Sport Rosario","Sportfreunde Baumberg","Sportfreunde Dorfmerkingen","Sportfreunde Lotte","Sportfreunde Siegen","Sporting AZ FC","Sporting CP","Sporting Cristal","Sporting Fingal","Sporting Gijón","Sporting Kansas City","Sporting SM","Sporting San José","Sportivo Aconquija","Sportivo Barracas","Sportivo Italiano","Sportivo Las Parejas","Sportivo Luqueño","Sportivo Patria","Sportivo Peñarol","Sportivo Rivadavia","Sportivo San Lorenzo","Sportivo del Bono","Sportlust '46","Sreenidi Deccan","Sri Lanka","Sriwijaya","St Albans","St Albans City","St Andrews","St Briochin","St Cuthbert Wanderers","St Cuthbert Wndrs","St Die","St Gallen","St Gilloise","St Ives Town","St Jean Beaulieu","St Johnstone","St Johnstone/ Rangers","St Johnstone/Brechin","St Kitts and Nevis U23","St Malo","St Marienne","St Mirren","St Mirren B","St Mirren/ Aberdeen","St Mirren/Ross County","St Nazaire","St Neots Town","St Patricks","St Pauli","St Priest","St Pryve St Hilaire","St-Amand","St-Ouen L'Aumone","St-Renan","St. Johnstone B","St. Johnstone U20","St. Joseph's","St. Kitts and Nevis","St. Lucia","St. Martin","St. Pölten","St. Vincent and the Grenadines","Stabaek","Stade Briochin","Stade Laval","Stade Poitevin","Stade Pontivy","Stade Portelois","Stade Rennais","Stade de Reims","Stafford Rangers","Staines Town","Stalybridge","Stalybridge Celtic","Stamford","Standard Liege","Steaua Bucharest","Steenberg United","Stellenbosch","Stenhousemuir","Stenhousemuir/Cove Rangers","Stevenage","Stirling Albion","Stirling Univ","Stirling University","Stjarnan","Stockport County","Stoke City","Stoke City U21","Stoke City U23","Stourbridge","Stranraer","Stranraer/Auchinleck Talbot","Strasbourg","Stratford Town","Strathspey Thistle","Stromsgodset","Struga","Stumptown Athletic","Stuttgart Kickers","Suchitepequez","Sud América","Sud Nivernais Imphy-Decize SN","Sudan","Sudeva","Suditrol","Sudtirol/Alto Adige","Sukhothai FC","Sumgayit","Sunderland","Sunderland U21","Sunderland U23","Sunnybank","Sunshine Stars","Super Eagles","SuperSport United","Suphanburi","Suriname","Suriprofs","Sutton United","Suwon Bluewings","Swansea City","Swansea City U21","Swansea City U23","Sweden","Sweden U17","Sweden U19","Sweden U21","Sweden U23","Swift","Swift Hesperange","Swindon Supermarine","Swindon Town","Switzerland","Switzerland U21","Sydney FC","Syria","Syria U17","Syrianska FC","Szombathelyi Haladas","São Bento","São Bernardo","São Caetano","São Francisco","São José-POA","São José-RS","São Luiz-RS","São Paulo","São Paulo-RS","São Raimundo PA","São Raimundo-RR","T-Team","TBD","TEC","TEC VV","TIRA-Persikabo","TOP Oss","TOT SC","TP Mazembe","TPS","TRAU FC","TS Galaxy","TS Sporting","TSC Backa Topola","TSG Hoffenheim","TSG Neustrelitz","TSG Pfeddersheim","TSG Thannhausen","TSV 1860 Munich","TSV 1860 Rosenheim","TSV Eintracht Braunschweig","TSV Hartberg","TSV Havelse","TSV Steinbach","TT Ha Noi","TUS Koblenz","TUT Students","TVMK Tallinn","Tabor Sezana","Tacoma Defiance","Tacuarembó FC","Tacuary","Tahiti","Tahiti U20","Tainan City","Tajikistan","Tajikistan U17","Talanta","Talavera","Talleres","Talleres (Córdoba)","Talleres (P)","Tamai","Tamaraceite","Tampa Bay Rowdies","Tampere United","Tampico Madero","Tampines Rovers","Tamworth","Tanjong Pagar United","Tanzania","Tapatío","Taraba FC","Taranto","Tarazona","Tarbes","Tartan Devils","Tartu FC Santos","Tarxien Rainbows","Taunton Town","Tauro FC","Tavriya Symferopol","Team Bath","Team Wellington","Tec. Universitario","Tecos A","TelOne F.C.","Telford","Telstar","Tema Youth","Temperley","Tempete","Tenax","Tenerife","Tennis Borussia Berlin","Tepatitlán FC","Ter Leede","Teramo","Terengganu","Termoli","Ternana","Terracina Calcio 1925","Terrassa","Teruel","Teteks","Teungueth","Textil Mandiyú","Thai Honda","Thailand","Thailand All Stars","Thailand Tobacco Monopoly","Thanda Royal Zulu","Thaon","Thaon ES","The Magic","The New Saints","The Saints FC","The Strongest","The Villages SC","Thiers","Thika United","Thionville","Thor","Thrasivoulos","Threave Rovers","Thurrock","Tianjin Quanjian","Tianjin Tigers","Tigre","Tigres","Tigres B","Tigres Brasil","Tigres UANL","Tijuana","Timor-Leste","Tipton Town","Tiro Federal","Tiro Federal (Bahía Blanca)","Tiro Federal M.","Tishreen","Tiverton Town","Tivoli Gardens","Tjakastad Junior Shepard","Tlaxcala FC","Tobol Kostanay","Tocantinopolis","Togo","Togo U17","Tokushima Vortis","Tokyo Verdy 1969","Toledo","Tolosa","Toluca","Tomares","Tombense","Tomás Greig","Tonbridge Angels","Tondela","Tonga","Tooro United","Tooting & Mitcham","Torgelower SV Greif","Torino","Tornado FC","Toronto FC","Toros Neza","Torpedo Kutaisi","Torpedo Zhodino","Torquay United","Torquay United FC","Torre Neapolis","Total Chalaco","Tottenham Hotspur","Tottenham Hotspur U21","Toulouse","Toulouse Rodeo","Toulouse Saint","Tours","Township Rollers","Trabzonspor","Trakai","Traktor Sazi FC","Tranent Juniors","Tranmere Rovers","Trans Narva","Trapani","Trasandino","Trastevere","Trat","Tre Fiori","Tre Penne","Trelissac FC","Trelleborgs FF","Trepca 89","Treviso","Treze","Triangle","Tricordiano","Triestina","Triglav","Trinidad & Tobago U17","Trinidad & Tobago U20","Trinidad and Tobago","Trinidense","Tristán Suárez","Tritium","Trival Valderas","Trofense","Tromso","Troyes","Trujillanos","Truro City","Tshakhuma Tsha Madzivhandila","Tsholotsho FC","Tte. Origone","TuS Dassendorf","TuS Erndtebrück","TuS Heeslingen","TuS Rot-Weiß Koblenz","Tucanes","Tulsa Athletic","Tunisia","Tunisia U17","Tunisia Women","Tupi","Tupynambás","Turkey","Turkey U17","Turkey U19","Turkey U20","Turkiyemspor","Turkmenistan","Turks and Caicos Islands","Turriff United","Turriff United/Morton","Turris","Tusker","Tuttocuoio","Tuvalu","Tuzlaspor","Tynecastle","Técnico Universitario","Türkgücü München","U Craiova 1948","U. de G.","U. de Sucre","U.A. Maracaibo","U.A. de G.","U.D. Salamanca","U.S Mens National Team-U17","U.S. 1913 Seregno Calcio","U.S. Ducey","U.S.D. Akragas","U.S.D. Olginatese","U.S.D. Sestri Levante","UAEM Potros","UAI Urquiza","UCAM Murcia","UCD","UD Cornella","UD Ibiza","UD Logroñés","UD San Fernando","UD Socuéllamos","UD Songo","UE Engordany","UE Sant Julia","UE Santa Coloma","UES","UN 97 Kaerjeng","UNA","UPDF","UPNFM","URA","URT","US Avellino","US Chauvigny","US Liffre","US Lusitanos Saint-Maur","US Marseille Endoume","US Montagnarde","US Pescara","US Pistoiese 1921","US Poggibonsi","US Quevilly","US Sarre-Union","US Sinnamary","US Siracusa","US Vimy","US Virgin Islands","USA U23","USM Alger","USV Eschen/Mauren","USV Hercules","UTA Arad","UTC","UWI FC","Uberlândia","Ubon UMT","Ubuntu Cape Town","Udinese","Uganda","Uhlenhorster SC Paloma","UiTM","Ujpesti","Ukraine","Ukraine U19","Ukraine U20","Ukraine U21","Ulbra","Ulinzi Stars","Uliss Yerevan","Ullensaker/Kisa","Ulsan Hyundai","Ulysses Yerevan","Umm salal","Umraniyespor","Umvoti","Unami CP","Uniao Barbarense","Uniao Leiria","Uniao da Madeira","Uniautonoma","Uniclinic","Union Deportiva Montijo","Union Omaha","Union St.-Gilloise","Union Titus Petange","Unionistas de Salamanca","Unirea Urziceni","United Arab Emirates","United Arab Emirates U17","United Arab Emirates U20","United City","United FC","United Rovers FC","United States","United States U17","United States U20","United States U23","Universidad","Universidad Católica","Universidad Católica (Quito)","Universidad Central","Universidad De Costa Rica","Universidad Las Palmas","Universidad de Chile","Universidad de Concepción","Universidad de El Salvador","Universidad de San Carlos","Universitario","Universitario de Pando","Universitario de Sucre","Universitatea Cluj","Universitatea Craiova","União Frederiquense","União Rondonópolis-MT","Unión (MDP)","Unión (Santa Fe)","Unión (Sunchales)","Unión Aconquija","Unión Central","Unión Comercio","Unión Deportivo Universitario","Unión Española","Unión Huaral","Unión La Calera","Unión Lara","Unión Magdalena","Unión San Felipe","Urawa Red Diamonds","Ureña Sport Club","Urk","Uruguay","Uruguay U17","Uruguay U20","Uthongathi","Utrillas","Uzbekistan","Uzbekistan U17","Uzbekistan U20","V-Varen Nagasaki","VMFD Zalgiris","VPS Vaasa","VSG Altglienicke","VV Capelle","VV Goes","VV Katwijk","VV Smitshoek","VV Staphorst","VV SteDoCo","VVOG","VVSB","VVV-Venlo","Vaal University of Technology","Vale Of Leithen","Valence","Valencia","Valencia (HAI)","Valenciennes","Valerenga","Valle D' Aoste","Valledupar FC","Valletta","Valletta/Ruch Chorzow","Valmiera","Valur Reykjavik","Vancouver Whitecaps","Vannes OC","Vanuatu","Vanuatu U20","Varbergs BoIS FC","Vardar","Varese","Varteks","Vasas","Vasco Da Gama","Vasco da Gama","Vaulx en Velin","Vauxhall Motors","Vecindario","Vegalta Sendai","Vejle","Vejle BK","Velez Mostar","Venados FC","Venda Football Acadamy","Vendsyssel","Venezia","Venezuela","Venezuela Sub 20","Venezuela U17","Venissieux Minguettes","Ventforet Kofu","Ventura County Fusion","Veracruz","Veranópolis","Verdes FC","Vereinigung Erzgebirge","Veria","Verl","Versailles","Vertou","Vesoul","Veyle Saone","VfB Eichstätt","VfB Fichte Bielefeld","VfB Lübeck","VfB Oldenburg","VfB Speldorf","VfB Stuttgart","VfL Bochum","VfL Osnabruck","VfL Wolfsburg","VfR Aalen","VfR Neumünster 1910","Viale María Grande","Viareggio","Viborg FF","Vic Le Comte","Vicenza","Vico Equense","Victoria","Victoria CF","Victoriano Arenas","Vida","Vietnam","Vietnam U20","Vietnam Women","Viettel","Vihiga Bullets","Vihiga United","Viitorul Constanta","Viking FK","Vikingur","Vikingur Reykjavik","Viktoria Köln","Viktoria Plzen","Vila Nova-GO","Vilhena","Vilhenense U20","Villa Belgrano (Junín)","Villa Dálmine","Villa Española","Villa Mitre","Villa Nova-MG","Villa San Carlos","Villa Teresa","Villa de Fortuna","Villa de Santa Brígida","Villanovense","Villarreal","Villarreal B","Villarrubia","Villefranche","Villenave","Villingen","Vipers","Virginia United FC","Virtus Casarano","Virtus Entella","Virtus Francavilla","Viry-Chatillon","Vissel Kobe","Vista Hermosa","Viterbese","Vitesse","Vitoria Setubal","Vitoria de Conquista","Vitre","Vitória","Vitória da Conquista","Vitória-ES","Vizela","Vlissingen","Vllaznia Shkoder","Vllaznia Women","Voghera","Vojvodina","Volga Nizhny Novgorod","Volgar Astrakhan","Volkel","Volos NFC","Volta Redonda","Voltigeurs","Voluntari","Voorschoten '97","Vorskla","Votuporanguense S20","Vâlerenga","Vélez Sarsfield","Víkingur Gøta","W Connection FC","WAFA","WFC Kharkiv","WHC","WKE","WSG Swarovski Tirol","WSV","Waasland-Beveren","Waitakere United","Wakiso Giants","Wales","Walsall","Walter Ferretti","Wanderers","Ware","Warrenpoint Town","Warri Wolves","Warrington Town","Warriors","Warriors FC","Waspik","Wasquehal","Waterford","Waterhouse","Watford","Wazito","Wealdstone","Welling","Wellington Phoenix FC","Welshpool Town","Werder Bremen","Werder Bremen II","West All-Stars","West Brom U23","West Bromwich Albion","West Bromwich Albion U21","West Chester Predators","West Ham U21","West Ham U23","West Ham United","Western Mass Pioneers","Western Province Utd","Western Stima","Western Sydney Wanderers","Western United","Westfields","Weston-super-Mare","Wexford Youths","Weymouth","Wha Wha FC","Whitby","Whitehawk FC","Whitehill Welfare","Whitehill/Wick Academy","Wick Academy","Wick Academy/Brechin","Wigan Athletic","Wigtown & Bladnoch","Wikki Tourists","Wilhelmina '08","Wilhelmshaven","Willem II","Williamsville AC","Wilmington Hammerheads","Winner Match 10","Winner Match 11","Winner Match 12","Winner Match 13","Winner Match 15","Winner Match 16","Winner Match 17","Winner Match 18","Winner Match 19","Winner Match 2","Winner Match 20","Winner Match 21","Winner Match 22","Winner Match 23","Winner Match 24","Winner Match 25","Winner Match 26","Winner Match 3","Winner Match 5","Winner Match 7","Winner Match 8","Winner Match 9","Winner SF1","Winner SF2","Winner Semi-Final 1","Winner Semi-Final 2","Winner match 14","Winners Park","Winterthur","Wisla Krakow","Wit Georgia Tbilisi","Witbank Spurs","Woking","Wolfsberger","Wolverhampton U23","Wolverhampton Wanderers","Wolverhampton Wanderers U21","Worcester City","Worcester/ Basingstoke Town","Workington","Worksop","Wormatia Worms","Wrexham","Wuhan","Wuppertaler","Wuppertaler SV","Wurzburger","Wycombe Wanderers","Wydad Casablanca","Würzburger Kickers","XV de Novembro","XV de Piracicaba","Xelaju","Xerez","Xerez Deportivo","XerxesDZB","Xinabajul","YFK Shinnik Yaroslav","Yadah","Yanbian Fude FC","Yangon United FC","Yaracuyanos","Yate","Yate Town","Yeading","Yeclano Deportivo","Yemen","Yeni Malatyaspor","Yenisey Krasnoyarsk","Yeovil Town","Yeovil Town Ladies FC","Yobe Stars","Yokohama F. Marinos","Yokohama FC","York City","Young Africans","Young Boys","Young Green Eagles","Young Lions","Young Tigers","Ypiranga","Ypiranga AP","Yupanqui","Yvetot","Yzeure","ZFC Meuselwitz","ZNK Pomurje","Zaamslag","Zaanlandia","Zacapa","Zacatepec Siglo XXI","Zaglebie Lubin","Zalaegerszeg","Zalgiris Vilnius","Zamalek","Zambia","Zambia U20","Zamora","Zamora CF","Zamudio SD","Zanaco","Zanzibar","Zawisa Bydgoszcz","Zawra","Zejtun Corinthians","Zeljeznicar Sarajevo","Zenit St Petersburg","Zesco United","Zeta","Zhejiang Lvcheng","Zhenis Astana","Zhytlobud-2","Zimbabwe","Zimbru Chisinau","Zira FK","Zizwe United","Zob-Ahan","Zoo Kericho FC","Zrinjski Mostar","Zrinjski Mostar/Tre Penne","Zulia","Zulte-Waregem","Zwaluwen '30","semifinal 1 loser","semifinal 1 winner","semifinal 2 loser","semifinal 2 winner","sv DOSKO","Água Santa","Ñublense","Östersunds FK"
